,price,rating,comment_count,per_user,free_version,free_trial,total_price
0,3.0,4.6,14,0,0,1,360.0
1,9.99,0.0,0,0,1,1,1198.8
2,10.0,4.3,193,1,0,1,1200.0
3,25.0,0.0,0,0,0,1,3000.0
4,6.99,5.0,2,1,1,1,838.8000000000001
5,1.09,5.0,1,1,0,1,130.8
6,10.791,5.0,1,0,0,1,1294.92
7,2.57,0.0,0,0,0,1,308.4
8,27.250000000000004,4.5,153,0,1,1,3270.0000000000005
9,99.0,0.0,0,1,0,1,990.0
10,9.99,0.0,0,0,0,1,1198.8
11,1.98,4.0,1,0,1,0,237.6
12,30.0,4.6,13,0,0,0,3600.0
13,49.99,0.0,0,0,1,0,5998.8
14,0.01,4.8,5,1,1,1,1.2
15,99.0,4.5,4,1,0,0,11880.0
16,10.9,0.0,0,0,0,1,1308.0
17,129.0,4.4,21,0,0,0,15480.0
18,99.0,4.4,7,0,0,1,11880.0
19,11.24,2.7,3,0,1,1,1348.8
20,500.0,0.0,0,0,0,0,60000.0
21,25.0,4.3,154,1,0,0,3000.0
22,10.0,0.0,0,0,0,1,10.0
23,90.0,4.9,21,1,0,1,10800.0
24,87.2,4.6,49,0,0,1,10464.0
25,15.0,4.7,20,1,1,0,1800.0
26,120.0,0.0,0,0,0,1,120.0
27,39.0,4.8,20,0,0,1,4680.0
28,325.91,0.0,0,1,0,0,39109.200000000004
29,16.35,0.0,0,1,0,1,1962.0000000000002
30,31.610000000000003,5.0,2,1,0,1,3793.2000000000003
31,19.99,4.0,6,1,0,0,2398.7999999999997
32,31.610000000000003,0.0,0,1,0,0,3793.2000000000003
33,7.0,0.0,0,0,1,1,840.0
34,15.0,5.0,3,0,0,1,1800.0
35,35.0,4.0,2,0,0,0,4200.0
36,6.0,4.0,2,0,0,1,720.0
37,9.0,4.5,36,0,1,1,1080.0
38,2.0,5.0,1,1,1,1,20.0
39,64.31,0.0,0,1,0,0,7717.200000000001
40,149.0,0.0,0,1,0,1,17880.0
41,29.0,5.0,1,1,0,0,3480.0
42,2.0,5.0,4,1,1,1,240.0
43,10000.0,0.0,0,1,1,1,10000.0
44,31.610000000000003,5.0,5,1,1,0,3793.2000000000003
45,1.7,4.7,515,1,0,1,204.0
46,86.11,0.0,0,1,0,0,10333.2
47,300.0,4.0,1,0,0,0,36000.0
48,3.0,4.5,2,1,1,1,360.0
49,35.0,0.0,0,0,0,0,4200.0
50,7.99,0.0,0,1,0,1,958.8000000000001
51,42.0,4.3,167,1,0,1,5040.0
52,10.0,0.0,0,1,1,0,1200.0
53,64.0,4.8,4,0,1,1,7680.0
54,10.0,0.0,0,1,0,1,1200.0
55,4.0,3.0,1,0,1,1,480.0
56,1000.0,5.0,1,0,0,1,10000.0
57,10.0,4.6,5,1,1,0,1200.0
58,39.0,4.4,176,0,0,1,4680.0
59,14.97,0.0,0,1,0,1,1796.4
60,49.0,0.0,0,0,0,1,5880.0
61,9.97,0.0,0,1,1,0,1196.4
62,599.0,4.8,40,0,1,0,71880.0
63,350.0,4.5,2,1,0,0,42000.0
64,75.0,0.0,0,1,0,1,9000.0
65,6.0,4.6,5,1,1,1,720.0
66,64.99,0.0,0,1,1,1,7798.799999999999
67,11.0,5.0,2,0,1,0,1320.0
68,75.0,5.0,2,1,1,1,9000.0
69,20.0,0.0,0,0,0,1,2400.0
70,15.0,0.0,0,1,0,1,1800.0
71,79.0,5.0,2,1,0,1,9480.0
72,21.8,5.0,1,1,0,1,2616.0
73,99.0,4.6,33,0,0,1,11880.0
74,10.0,4.4,19,0,1,1,1200.0
75,18.0,4.2,25,1,0,1,2160.0
76,4.0,0.0,0,1,1,1,480.0
77,58.0,4.6,11,1,0,1,6960.0
78,96.0,0.0,0,1,0,1,11520.0
79,9000.0,0.0,0,1,0,0,9000.0
80,50.14,0.0,0,0,0,1,6016.8
81,5.0,0.0,0,0,1,1,600.0
82,149.0,0.0,0,0,0,1,149.0
83,26.160000000000004,4.6,20,0,1,1,3139.2000000000003
84,8.0,5.0,10,1,1,1,960.0
85,24.0,0.0,0,0,0,1,2880.0
86,8.709100000000001,0.0,0,0,1,1,1045.092
87,10.99,0.0,0,0,0,1,1318.8
88,5.0,0.0,0,1,0,1,600.0
89,49.0,3.8,399,1,0,0,5880.0
90,27.250000000000004,0.0,0,1,0,0,3270.0000000000005
91,31.610000000000003,4.6,20,1,0,1,3793.2000000000003
92,10.0,5.0,2,1,0,1,1200.0
93,399.0,4.2,5,0,0,1,47880.0
94,10.0,0.0,0,1,0,1,1200.0
95,34.99,0.0,0,1,1,1,4198.8
96,149.0,4.6,127,0,0,1,1490.0
97,10.5,4.4,143,1,0,1,1260.0
98,9.0,4.3,3,0,0,1,1080.0
99,25.0,4.4,242,0,0,0,3000.0
100,470.0,0.0,0,0,0,1,56400.0
101,162.41000000000003,0.0,0,0,0,1,19489.200000000004
102,39.0,1.0,1,0,0,1,4680.0
103,29.0,0.0,0,1,1,0,3480.0
104,8.5,5.0,1,0,1,1,1020.0
105,2.0,0.0,0,0,1,1,240.0
106,13.0,0.0,0,1,0,0,1560.0
107,2.725,0.0,0,1,1,1,327.0
108,103.55000000000001,4.5,16,0,0,1,12426.000000000002
109,497.0,5.0,12,0,0,1,59640.0
110,38.150000000000006,4.5,2,0,1,1,4578.000000000001
111,6.0,4.7,11,0,1,1,720.0
112,36.0,0.0,0,1,1,1,4320.0
113,200.0,4.0,1,0,0,0,200.0
114,80.0,0.0,0,0,0,0,9600.0
115,6.0,0.0,0,0,0,1,720.0
116,19.0,3.9,17,1,0,1,2280.0
117,17.0,4.7,106,1,0,1,2040.0
118,480.0,4.3,24,1,0,1,480.0
119,40.0,5.0,1,0,1,1,40.0
120,6.0,0.0,0,1,0,1,720.0
121,0.01,5.0,1,0,1,1,0.1
122,325.91,4.3,3,0,0,1,39109.200000000004
123,22.0,4.6,224,0,0,1,2640.0
124,5.0,5.0,1,0,1,1,600.0
125,25.0,0.0,0,1,1,1,3000.0
126,18.0,4.9,8,1,1,1,2160.0
127,3.99,4.8,5,1,1,1,478.8
128,8.0,0.0,0,0,0,1,960.0
129,49.0,4.7,46,0,0,1,5880.0
130,1.0,4.3,12,1,1,1,120.0
131,29.95,3.2,5,0,1,0,3594.0
132,30.0,4.4,8,0,0,1,3600.0
133,449.0,4.6,758,0,0,1,53880.0
134,50.0,0.0,0,0,1,1,6000.0
135,31.610000000000003,3.5,4,1,0,1,3793.2000000000003
136,3.0,4.4,91,1,1,1,360.0
137,100.0,0.0,0,1,1,1,1000.0
138,2400.0,0.0,0,0,0,0,2400.0
139,20.0,4.5,248,1,0,1,2400.0
140,13.0,4.2,13,1,1,1,1560.0
141,5.0,0.0,0,0,0,1,600.0
142,19.0,3.6,5,1,1,1,2280.0
143,10.0,4.4,10,1,0,1,1200.0
144,1.0,5.0,6,1,1,1,120.0
145,66.0,4.5,52,1,0,1,7920.0
146,40.0,4.6,13,0,1,1,4800.0
147,35.0,3.8,6,1,1,0,4200.0
148,14.99,5.0,3,1,0,1,1798.8
149,8.0,4.9,15,1,1,1,960.0
150,12.5,4.4,124,1,1,1,1500.0
151,6.0,0.0,0,1,1,1,720.0
152,19.0,5.0,1,0,0,1,2280.0
153,29.0,0.0,0,0,0,1,290.0
154,19.0,5.0,1,1,1,1,2280.0
155,10.0,0.0,0,0,1,1,1200.0
156,49.050000000000004,4.2,128,0,0,0,5886.000000000001
157,15.0,0.0,0,1,0,1,1800.0
158,38.0,4.6,80,0,1,1,4560.0
159,11.99,5.0,9,1,0,1,1438.8
160,600.0,5.0,1,1,0,1,600.0
161,6.9,5.0,2,0,1,1,828.0
162,49.0,0.0,0,0,1,1,5880.0
163,7.0,0.0,0,1,0,1,840.0
164,9.0,5.0,2,0,0,0,1080.0
165,950.0,4.0,2,1,0,1,9500.0
166,99.0,4.6,13,1,1,1,11880.0
167,8000.0,0.0,0,1,0,0,8000.0
168,79.0,5.0,1,1,0,0,79.0
169,7500.0,4.6,50,0,0,0,75000.0
170,25.0,0.0,0,0,1,1,3000.0
171,19.0,4.3,12,0,0,1,2280.0
172,6.0,4.0,1,1,1,1,720.0
173,50.0,0.0,0,0,0,1,6000.0
174,3.99,0.0,0,0,0,1,478.8
175,300.0,4.2,4,1,0,0,36000.0
176,1.5,0.0,0,1,0,1,180.0
177,99.0,4.5,99,0,0,1,11880.0
178,59.95,4.5,2,1,0,1,7194.0
179,14.95,0.0,0,0,0,1,1794.0
180,5.99,0.0,0,1,0,1,718.8000000000001
181,2.0,0.0,0,0,1,1,240.0
182,54.48910000000001,0.0,0,0,0,1,6538.692000000001
183,42.0,4.6,354,1,1,1,5040.0
184,29.0,4.0,627,1,1,1,3480.0
185,28.72,0.0,0,0,0,0,3446.3999999999996
186,9.0,4.0,5,0,0,1,1080.0
187,1.0,0.0,0,0,0,1,120.0
188,24.0,4.5,129,1,1,1,2880.0
189,32.7,0.0,0,1,1,1,3924.0000000000005
190,15.0,0.0,0,1,0,1,1800.0
191,708.5,4.7,39,0,0,1,85020.0
192,2.0,0.0,0,0,0,0,240.0
193,200.0,0.0,0,0,1,1,24000.0
194,49.0,5.0,1,0,1,1,5880.0
195,1300.0,4.0,1,1,0,0,1300.0
196,9500.0,0.0,0,1,0,0,9500.0
197,19.95,0.0,0,0,0,1,2394.0
198,21.7455,0.0,0,1,1,0,2609.46
199,2.0,4.0,1,0,1,1,240.0
200,31.610000000000003,4.9,25,0,1,1,3793.2000000000003
201,10.0,0.0,0,1,1,0,100.0
202,20.0,4.4,56,1,0,1,2400.0
203,3.0,0.0,0,1,1,1,360.0
204,15.0,0.0,0,0,0,1,1800.0
205,15.0,4.2,54,1,0,0,1800.0
206,30.0,0.0,0,0,0,1,3600.0
207,135.0,4.9,10,1,0,0,16200.0
208,190.0,4.0,8,0,0,1,22800.0
209,5400.0,0.0,0,1,0,0,5400.0
210,150.0,4.7,11,0,0,1,18000.0
211,79.0,4.0,14,0,0,0,9480.0
212,29.975,0.0,0,1,0,1,3597.0
213,10.0,4.4,697,1,1,1,1200.0
214,1.0,0.0,0,1,1,1,120.0
215,50.0,0.0,0,1,0,0,6000.0
216,24.0,4.0,1,0,1,1,2880.0
217,1.0,4.8,9,0,1,1,120.0
218,19.5,5.0,16,0,0,0,2340.0
219,59.95,5.0,1,1,0,1,7194.0
220,9.0,4.0,1,0,1,1,1080.0
221,72.0,0.0,0,0,0,0,8640.0
222,126.0,4.2,40,1,0,1,15120.0
223,40.0,5.0,1,1,0,0,4800.0
224,2.18,5.0,1,1,1,1,261.6
225,178.0,0.0,0,0,1,0,178.0
226,15.0,4.7,16,0,0,1,1800.0
227,199.0,4.3,19,0,0,1,199.0
228,16.35,0.0,0,0,0,0,1962.0000000000002
229,145.0,0.0,0,1,0,1,17400.0
230,49.0,4.3,458,0,0,1,5880.0
231,10.0,0.0,0,1,1,0,1200.0
232,12.971000000000002,4.5,2,0,0,1,129.71
233,30000.0,5.0,2,1,1,0,300000.0
234,25.0,4.6,60,1,0,1,3000.0
235,19.0,4.8,5,0,0,1,2280.0
236,50.0,4.2,4,1,0,1,6000.0
237,3.1392,4.3,156,1,0,1,376.704
238,9.95,5.0,2,0,0,0,1194.0
239,51.0,0.0,0,0,1,1,6120.0
240,5000.0,4.6,12,0,1,1,50000.0
241,10.0,0.0,0,1,0,1,1200.0
242,99.0,4.6,299,1,0,1,11880.0
243,15.0,5.0,2,1,0,1,1800.0
244,5.0,0.0,0,0,1,0,600.0
245,5.0,4.6,13,1,0,1,600.0
246,100.0,4.7,30,1,0,1,1000.0
247,9.0,4.2,8,0,0,1,1080.0
248,7.0,5.0,6,1,0,1,840.0
249,49.0,4.9,33,1,0,1,5880.0
250,150.0,0.0,0,1,1,1,1500.0
251,1.0,4.5,2,1,0,1,120.0
252,79.99,4.4,8,1,0,1,9598.8
253,21.8,0.0,0,0,1,1,2616.0
254,32.0,0.0,0,0,0,0,3840.0
255,499.0,3.5,30,0,0,0,59880.0
256,29.0,4.8,6,0,1,1,3480.0
257,9.0,4.5,2,0,0,1,1080.0
258,395.0,0.0,0,1,0,0,3950.0
259,10.0,5.0,1,1,1,1,1200.0
260,53.410000000000004,0.0,0,1,0,1,6409.200000000001
261,399.0,4.0,37,1,0,0,47880.0
262,32.7,5.0,1,0,0,1,3924.0000000000005
263,27.141000000000002,4.7,104,1,0,1,271.41
264,99.0,4.3,3,0,1,1,99.0
265,30.0,5.0,1,1,1,1,3600.0
266,44.0,0.0,0,0,0,1,5280.0
267,4.0,0.0,0,1,1,0,480.0
268,20.0,4.8,6,0,1,1,20.0
269,34.88,0.0,0,1,0,1,4185.6
270,290.0,0.0,0,1,0,0,34800.0
271,18.0,0.0,0,0,0,1,2160.0
272,18.0,0.0,0,1,1,1,2160.0
273,3.0,0.0,0,1,0,1,360.0
274,0.85,4.7,3,1,0,1,102.0
275,2.25,4.6,63,0,0,1,270.0
276,195.0,0.0,0,1,0,0,23400.0
277,75.0,0.0,0,0,0,1,9000.0
278,9.0,4.3,186,1,1,1,1080.0
279,25.0,4.6,15,0,1,1,3000.0
280,8.0,0.0,0,0,0,1,960.0
281,29.0,4.2,82,0,0,1,3480.0
282,3000.0,4.0,1,0,0,0,3000.0
283,29.0,4.1,62,0,1,1,3480.0
284,8.0,4.2,12,0,0,1,960.0
285,2.0,4.0,16,0,0,1,240.0
286,420.0,2.0,1,1,1,1,4200.0
287,3.0,0.0,0,0,1,1,360.0
288,25.0,4.7,3,1,1,1,3000.0
289,89.9,0.0,0,0,0,1,89.9
290,6.99,4.3,79,1,0,0,838.8000000000001
291,3.75,2.7,3,1,1,0,450.0
292,19.0,4.5,251,1,0,1,2280.0
293,39.95,0.0,0,0,0,0,399.5
294,43.6,5.0,2,0,1,1,5232.0
295,17.0,4.0,1,0,0,0,2040.0
296,20.0,4.0,1,1,0,1,2400.0
297,39.0,4.4,13,1,1,1,4680.0
298,3.0,4.4,47,1,0,1,360.0
299,12.0,4.2,98,1,0,1,1440.0
300,3.51,0.0,0,0,1,0,421.2
301,49.0,4.8,6,0,0,1,5880.0
302,30.0,0.0,0,0,0,1,3600.0
303,25.0,4.7,128,0,1,1,3000.0
304,10.0,0.0,0,0,1,1,1200.0
305,10.0,0.0,0,1,0,1,1200.0
306,15.0,0.0,0,0,0,1,1800.0
307,99.0,0.0,0,0,0,1,99.0
308,20.0,0.0,0,1,1,0,2400.0
309,295.0,5.0,1,1,0,1,35400.0
310,99.0,4.1,76,1,0,1,11880.0
311,12.0,4.9,14,0,1,1,1440.0
312,49.0,4.3,29,0,1,1,5880.0
313,7.0,0.0,0,0,0,1,840.0
314,5.0,4.3,19,0,1,1,600.0
315,9.99,4.5,31,0,0,1,1198.8
316,15.4,0.0,0,1,0,1,1848.0
317,100.0,4.0,4,0,0,1,12000.0
318,50.0,4.8,6,0,0,1,6000.0
319,14.99,0.0,0,0,0,1,1798.8
320,48.0,5.0,2,0,0,1,5760.0
321,3.2700000000000005,0.0,0,1,0,0,392.40000000000003
322,800.0,0.0,0,1,0,1,800.0
323,10.9,4.5,11,1,1,1,1308.0
324,39.0,4.4,17,1,0,1,4680.0
325,99.0,4.8,22,1,0,1,11880.0
326,15.0,4.4,116,0,1,1,1800.0
327,220.0,0.0,0,1,1,1,26400.0
328,20.0,3.7,6,1,1,1,2400.0
329,49.95,0.0,0,0,0,1,49.95
330,75.0,5.0,1,0,0,1,9000.0
331,10.0,0.0,0,0,0,1,1200.0
332,50.0,4.7,17,1,1,1,6000.0
333,49.0,5.0,13,1,0,1,5880.0
334,50.0,4.7,3,1,0,0,50.0
335,1.0,0.0,0,1,0,0,120.0
336,470.0,0.0,0,1,0,1,470.0
337,15.0,4.7,68,1,0,1,1800.0
338,100.0,4.3,12,0,0,1,12000.0
339,7.5,4.5,1408,1,1,1,900.0
340,100.0,0.0,0,0,0,1,12000.0
341,9.0,0.0,0,0,0,1,1080.0
342,10.0,4.7,46,0,1,1,1200.0
343,134.0,4.8,9,0,1,1,16080.0
344,4.9595,5.0,1,1,0,1,595.14
345,35.0,5.0,1,1,0,1,4200.0
346,5.0,0.0,0,1,0,1,600.0
347,9.0,4.7,29,0,1,1,1080.0
348,24.0,4.8,10,0,0,1,2880.0
349,45.0,0.0,0,1,1,1,5400.0
350,1.5,4.6,16,1,0,1,180.0
351,79.0,0.0,0,0,0,0,9480.0
352,8.0,0.0,0,0,1,1,960.0
353,25.0,0.0,0,0,1,1,3000.0
354,5.0,4.7,17,0,1,1,600.0
355,25.0,5.0,1,1,1,1,3000.0
356,49.0,0.0,0,1,0,1,5880.0
357,180.0,4.3,87,0,1,1,21600.0
358,3600.0,0.0,0,1,0,0,36000.0
359,65.0,5.0,10,0,0,0,7800.0
360,7.0,4.4,27,1,1,1,840.0
361,1.0,0.0,0,0,0,0,1.0
362,5.0,5.0,1,0,1,1,600.0
363,299.0,0.0,0,0,0,1,299.0
364,19.0,3.0,1,0,0,1,2280.0
365,19.0,5.0,1,1,0,1,2280.0
366,59.0,0.0,0,1,0,0,59.0
367,59.0,0.0,0,0,1,1,7080.0
368,149.0,4.9,7,0,0,1,17880.0
369,25.0,4.2,191,1,1,0,3000.0
370,19.99,5.0,1,0,1,1,2398.7999999999997
371,174.0,0.0,0,0,0,1,174.0
372,7.0,0.0,0,1,1,1,840.0
373,8000.0,4.7,3,0,0,1,80000.0
374,7.99,5.0,13,1,1,1,958.8000000000001
375,10.0,0.0,0,0,1,1,1200.0
376,99.0,4.6,60,1,0,1,11880.0
377,4.567100000000001,4.1,7,1,1,1,548.0520000000001
378,20.0,3.3,3,1,1,1,200.0
379,49.0,4.4,155,0,1,1,5880.0
380,1.0,4.5,225,1,1,1,120.0
381,160.0,5.0,6,0,0,0,19200.0
382,30.0,4.2,12,1,0,1,3600.0
383,8.164100000000001,4.3,7,1,0,1,979.6920000000001
384,49.0,5.0,2,1,1,1,5880.0
385,1.4,0.0,0,0,0,1,168.0
386,29.99,0.0,0,1,0,0,3598.7999999999997
387,45.0,5.0,6,0,0,0,45.0
388,250.0,0.0,0,0,0,0,250.0
389,5000.0,5.0,1,1,0,0,5000.0
390,40.0,0.0,0,0,0,1,4800.0
391,10.0,5.0,6,0,0,1,1200.0
392,817.5000000000001,4.7,15,1,1,1,817.5000000000001
393,10.0,4.2,5,0,1,1,1200.0
394,19.0,0.0,0,0,1,0,2280.0
395,48.0,4.6,13,0,0,1,5760.0
396,75.0,5.0,42,1,0,1,9000.0
397,21.8,4.3,3,1,0,1,2616.0
398,509.0,4.0,16,0,1,1,5090.0
399,149.95,4.3,10,0,1,1,149.95
400,2749.0,0.0,0,1,0,1,2749.0
401,11.0,0.0,0,0,0,1,1320.0
402,14.5,5.0,2,0,0,1,1740.0
403,25.0,5.0,1,0,0,0,3000.0
404,19.0,4.9,7,0,1,1,2280.0
405,25000.0,4.6,8,0,0,1,250000.0
406,199.0,3.5,2,1,0,1,23880.0
407,7.0,4.6,79,1,1,1,840.0
408,300.0,4.4,7,1,0,0,36000.0
409,59.0,5.0,1,1,0,0,7080.0
410,99.0,4.8,5,1,0,1,11880.0
411,43.8725,5.0,10,1,0,1,5264.700000000001
412,30.0,0.0,0,1,0,0,3600.0
413,29.99,5.0,3,0,1,1,3598.7999999999997
414,5.0,5.0,4,0,0,1,600.0
415,5.0,5.0,2,1,0,1,600.0
416,2.0,4.2,17,0,1,1,240.0
417,99.0,0.0,0,1,1,1,99.0
418,39.0,4.5,130,1,0,1,4680.0
419,21.0,4.7,22,1,1,1,2520.0
420,1250.0,4.6,249,0,0,1,150000.0
421,7.575500000000001,5.0,1,1,1,1,909.0600000000001
422,3.0,5.0,1,1,1,0,360.0
423,8.0,4.8,23,1,1,1,960.0
424,299.0,4.5,13,0,0,1,299.0
425,10.0,4.5,2,0,1,1,1200.0
426,29.0,5.0,4,0,1,1,3480.0
427,21.691,0.0,0,1,0,1,2602.92
428,12.0,4.6,20,1,0,1,1440.0
429,40.0,5.0,2,0,0,1,400.0
430,5.0,4.8,10,0,0,1,600.0
431,10.0,4.5,30,1,0,1,100.0
432,19.0,4.4,7,0,0,1,2280.0
433,445.0,4.6,132,0,0,0,53400.0
434,39.0,4.4,8,0,0,1,4680.0
435,99.0,0.0,0,1,1,1,11880.0
436,100.0,4.3,24,0,0,1,12000.0
437,35.0,4.4,5,1,0,0,4200.0
438,100.0,0.0,0,0,0,0,12000.0
439,42.0,4.7,20,1,1,1,420.0
440,5.0,5.0,2,0,0,1,600.0
441,24.0,0.0,0,1,1,1,2880.0
442,49.0,5.0,3,1,0,1,5880.0
443,55.0,0.0,0,0,0,1,6600.0
444,40.0,4.7,598,0,0,1,4800.0
445,24.0,4.8,4,0,0,1,2880.0
446,8.0,0.0,0,0,0,1,960.0
447,0.3,0.0,0,0,0,1,36.0
448,25.0,0.0,0,1,0,1,3000.0
449,10.9,0.0,0,1,1,1,1308.0
450,55.0,0.0,0,0,0,0,6600.0
451,10.2,4.4,414,1,0,1,1224.0
452,80.0,0.0,0,0,0,1,800.0
453,1.09,4.6,11,0,1,1,130.8
454,10.0,4.9,18,0,1,1,1200.0
455,29.0,4.4,72,0,1,1,3480.0
456,20.71,0.0,0,1,0,1,2485.2000000000003
457,7.085000000000001,4.7,7,1,0,1,70.85000000000001
458,7.0,0.0,0,0,1,1,840.0
459,7.630000000000001,4.6,24,1,1,1,915.6000000000001
460,13.97,4.5,275,1,1,1,1676.4
461,26.0,4.6,223,1,0,1,3120.0
462,9.99,0.0,0,0,0,1,1198.8
463,59.0,5.0,2,1,0,1,7080.0
464,13.0,5.0,3,1,0,1,1560.0
465,9.0,4.5,2,0,0,1,1080.0
466,179.0,4.9,14,0,0,1,179.0
467,19.0,4.2,14,0,0,1,2280.0
468,5.45,4.5,27,1,0,0,654.0
469,69.0,4.6,10,0,0,0,69.0
470,12.0,0.0,0,1,1,1,1440.0
471,9.0,5.0,21,0,1,1,1080.0
472,103.55000000000001,3.7,6,1,0,1,12426.000000000002
473,19.0,4.3,36,1,0,1,2280.0
474,49.0,0.0,0,0,0,1,5880.0
475,25.0,0.0,0,0,0,0,3000.0
476,500.0,4.2,5,0,0,0,5000.0
477,20.0,0.0,0,0,1,1,2400.0
478,55.0,4.7,17,1,0,1,6600.0
479,15.0,5.0,1,0,0,0,1800.0
480,4.0,0.0,0,0,1,1,480.0
481,1000.0,4.1,63,0,0,0,120000.0
482,32.7,4.9,11,1,1,1,327.0
483,4.0,4.0,17,1,0,0,480.0
484,30.0,4.0,166,1,1,1,3600.0
485,25.0,0.0,0,1,1,1,3000.0
486,30.0,5.0,2,1,0,1,3600.0
487,207.10000000000002,4.6,7,0,0,1,24852.000000000004
488,0.25,4.7,647,0,0,1,2.5
489,20.0,5.0,1,0,1,1,2400.0
490,21.8,5.0,1,1,0,1,2616.0
491,69.0,4.5,45,1,0,1,8280.0
492,35.0,3.8,17,1,1,1,4200.0
493,299.0,0.0,0,1,0,1,35880.0
494,99.99,4.4,20,0,0,1,99.99
495,500.0,4.3,38,1,0,1,60000.0
496,29.0,4.7,3,0,1,1,3480.0
497,12.0,4.0,1,0,0,1,1440.0
498,49.0,4.0,1,1,0,1,5880.0
499,39.0,4.6,196,0,0,1,4680.0
500,283.55,0.0,0,0,0,1,283.55
501,120.0,0.0,0,1,0,1,14400.0
502,10000.0,2.8,6,1,0,0,10000.0
503,12.0,3.9,36,1,0,1,1440.0
504,14.061000000000002,5.0,1,0,0,1,14.061000000000002
505,49.0,4.9,11,0,1,1,5880.0
506,99.0,5.0,1,0,0,1,11880.0
507,99.0,0.0,0,0,0,1,11880.0
508,99.0,0.0,0,0,0,0,99.0
509,15.0,0.0,0,0,1,1,1800.0
510,97.01,0.0,0,0,0,1,11641.2
511,7.0,4.6,7,0,1,1,840.0
512,27.250000000000004,4.0,2,0,1,1,3270.0000000000005
513,3.2591000000000006,5.0,2,0,0,1,391.09200000000004
514,4.0,4.0,1,0,1,0,480.0
515,39.99,0.0,0,0,1,1,4798.8
516,50.0,0.0,0,1,0,1,6000.0
517,61.48,0.0,0,1,1,1,614.8
518,59.0,4.7,193,1,0,0,7080.0
519,29.0,4.5,534,1,0,1,3480.0
520,10.5,4.3,117,0,0,1,1260.0
521,64.31,0.0,0,1,0,1,7717.200000000001
522,38.150000000000006,5.0,4,1,0,1,4578.000000000001
523,21.0,5.0,2,1,0,1,2520.0
524,1500.0,4.6,15,0,0,1,15000.0
525,5.0,5.0,1,0,1,0,600.0
526,8.72,5.0,2,1,0,1,1046.4
527,19.0,0.0,0,1,0,0,2280.0
528,100.0,0.0,0,1,0,0,12000.0
529,1550.0,4.5,4,1,0,0,186000.0
530,15.0,4.5,23,0,0,1,1800.0
531,61.0,5.0,1,1,1,1,7320.0
532,99.99,4.0,1,1,1,1,11998.8
533,10000.0,5.0,1,1,0,0,10000.0
534,750.0,0.0,0,1,0,1,750.0
535,7.0,4.7,12,0,0,1,840.0
536,2.18,5.0,2,1,1,1,21.8
537,2.99,5.0,1,1,1,1,358.8
538,159.0,0.0,0,1,1,1,19080.0
539,97.0,4.0,4,0,0,0,11640.0
540,8.9,4.3,3,1,0,1,1068.0
541,1.09,4.8,4,1,1,1,130.8
542,6.9,4.3,66,1,0,1,828.0
543,9999.0,4.8,30,1,0,0,99990.0
544,3.5,0.0,0,1,1,0,420.0
545,12.0,5.0,1,0,0,1,1440.0
546,24.0,4.9,36,1,0,1,2880.0
547,39.0,0.0,0,0,0,0,4680.0
548,25.0,4.1,133,1,0,1,3000.0
549,37.0,5.0,4,1,0,1,4440.0
550,31.0,4.9,18,0,0,1,3720.0
551,900.0,0.0,0,1,0,0,108000.0
552,44.0,0.0,0,1,0,1,5280.0
553,49.0,0.0,0,1,0,1,5880.0
554,59.0,4.2,12,0,0,1,7080.0
555,5.0,5.0,1,1,1,0,50.0
556,3.0,4.4,24,1,1,1,360.0
557,381.5,5.0,1,0,0,1,45780.0
558,19.0,4.6,411,0,0,1,2280.0
559,20.0,4.7,3,0,0,1,2400.0
560,16.0,3.5,4,1,1,0,1920.0
561,99.0,0.0,0,0,0,0,11880.0
562,5.45,4.7,19,0,1,1,654.0
563,199.95,5.0,3,0,0,0,199.95
564,15.0,4.2,74,0,1,1,1800.0
565,50000.0,1.0,1,1,0,0,50000.0
566,19.0,4.6,5,0,0,1,2280.0
567,10.0,0.0,0,0,0,0,1200.0
568,315.0,0.0,0,0,0,1,315.0
569,10.0,0.0,0,0,1,1,1200.0
570,699.99,4.8,10,0,1,0,6999.9
571,3200.0,0.0,0,1,0,0,3200.0
572,15.0,4.5,570,1,1,1,1800.0
573,10.0,0.0,0,1,1,1,1200.0
574,30.0,4.5,15,1,0,0,300.0
575,12.0,4.5,50,0,1,1,1440.0
576,15.0,4.3,3,0,0,1,1800.0
577,9.99,5.0,9,1,0,1,1198.8
578,32.7,4.7,16,1,0,0,3924.0000000000005
579,9.0,0.0,0,1,1,0,1080.0
580,250.0,0.0,0,0,0,1,30000.0
581,50.0,0.0,0,1,1,1,500.0
582,15.0,4.4,5,0,1,1,1800.0
583,31.610000000000003,0.0,0,0,1,1,31.610000000000003
584,99.0,4.0,2,0,0,0,11880.0
585,1.0,0.0,0,1,0,1,120.0
586,120.0,4.4,195,1,1,1,1200.0
587,9.99,0.0,0,0,1,1,9.99
588,3.6,5.0,1,1,0,1,432.0
589,9.81,4.5,100,0,1,1,1177.2
590,5.0,0.0,0,0,0,1,50.0
591,7.0,0.0,0,1,1,1,7.0
592,20000.0,5.0,3,1,0,0,200000.0
593,300.0,5.0,1,0,1,1,300.0
594,6.0,0.0,0,0,0,0,720.0
595,999.0,0.0,0,1,0,0,999.0
596,26.0,4.8,5,1,0,1,3120.0
597,99.0,4.8,105,1,1,0,990.0
598,70.0,4.3,3,0,0,0,8400.0
599,12.0,4.9,20,1,0,1,1440.0
600,9.81,5.0,1,1,0,1,1177.2
601,9.0,0.0,0,0,0,1,1080.0
602,5.0,0.0,0,1,0,1,600.0
603,4.0,4.2,11,0,0,1,480.0
604,1.0,4.5,11,1,0,1,120.0
605,26.38,0.0,0,0,0,0,3165.6
606,52.0,5.0,1,0,0,1,6240.0
607,500.0,0.0,0,1,0,1,60000.0
608,25.0,0.0,0,1,1,1,3000.0
609,1.09,0.0,0,1,0,0,10.9
610,70.0,0.0,0,0,0,1,70.0
611,16.35,4.8,13,0,1,1,1962.0000000000002
612,15.0,5.0,4,0,0,1,1800.0
613,495.0,0.0,0,0,1,1,59400.0
614,57.0,0.0,0,0,0,0,6840.0
615,49.0,0.0,0,1,1,0,5880.0
616,79.0,4.9,7,0,1,1,9480.0
617,75.21000000000001,5.0,2,1,0,1,9025.2
618,9.0,4.5,485,1,0,1,1080.0
619,195.0,0.0,0,1,0,0,195.0
620,52.32000000000001,4.3,16,0,0,0,6278.400000000001
621,100.0,1.0,1,1,1,1,12000.0
622,150.0,0.0,0,1,0,1,18000.0
623,2.88,0.0,0,1,0,1,345.59999999999997
624,99.0,5.0,1,0,0,1,11880.0
625,14.0,0.0,0,1,0,1,1680.0
626,99.0,4.8,13,0,0,1,11880.0
627,17.0,0.0,0,1,0,0,2040.0
628,21.8,4.5,2,1,0,1,2616.0
629,108.98910000000001,5.0,1,1,0,1,1089.891
630,21.0,0.0,0,1,0,1,2520.0
631,167.99,4.0,22,0,0,1,20158.800000000003
632,150.0,0.0,0,0,0,1,150.0
633,17.0,5.0,1,0,1,1,2040.0
634,53.410000000000004,4.5,4,0,0,1,6409.200000000001
635,99.99,0.0,0,0,1,0,11998.8
636,49.95,0.0,0,0,0,1,5994.0
637,39.0,4.5,2,0,1,0,4680.0
638,25.0,0.0,0,0,0,0,3000.0
639,8.39,5.0,1,0,0,1,1006.8000000000001
640,1.0,4.7,11,0,1,0,120.0
641,10.0,0.0,0,0,0,0,1200.0
642,3.0,4.7,3,1,1,1,360.0
643,8.0,5.0,1,1,1,1,960.0
644,15.0,4.7,32,1,1,1,1800.0
645,539.5500000000001,0.0,0,1,0,0,539.5500000000001
646,18.0,4.8,72,1,0,1,2160.0
647,12.0,4.7,3,0,1,1,1440.0
648,199.0,4.6,31,0,0,0,199.0
649,20.0,4.6,7,1,1,1,2400.0
650,3.99,4.3,42,1,1,1,478.8
651,15.0,4.0,1,0,0,1,1800.0
652,25.0,4.8,26,0,0,1,3000.0
653,15.0,3.9,8,0,0,1,1800.0
654,7.6191,0.0,0,1,1,1,914.292
655,4.99,5.0,3,0,0,1,598.8000000000001
656,216.91000000000003,4.0,3,0,1,1,2169.1000000000004
657,13.080000000000002,4.9,15,1,0,1,1569.6000000000001
658,250.0,3.0,2,0,0,0,30000.0
659,50.0,0.0,0,1,0,0,6000.0
660,95.0,4.8,54,0,0,1,11400.0
661,10.0,5.0,1,0,0,1,10.0
662,5.0,4.2,5,0,1,1,600.0
663,14.0,4.4,36,1,0,1,1680.0
664,65.4,4.8,12,0,0,1,7848.000000000001
665,49.0,3.8,12,0,1,1,5880.0
666,74.5,0.0,0,0,0,0,745.0
667,12.99,4.8,43,1,1,1,1558.8
668,20.0,0.0,0,1,1,0,200.0
669,33.0,0.0,0,0,0,1,3960.0
670,99.0,4.1,78,1,0,1,11880.0
671,0.05,4.0,4,0,0,1,0.05
672,500.0,0.0,0,1,0,0,500.0
673,699.0,4.3,26,0,0,1,83880.0
674,49.0,0.0,0,1,0,1,5880.0
675,7.0,0.0,0,0,0,1,840.0
676,9.95,0.0,0,0,1,1,1194.0
677,5.0,4.6,5,0,1,1,600.0
678,109.0,4.9,38,0,0,0,13080.0
679,8.0,0.0,0,0,1,1,960.0
680,5.99,4.8,116,1,1,1,718.8000000000001
681,5.0,4.7,33,1,0,1,600.0
682,29.0,5.0,1,1,1,0,3480.0
683,179.0,4.3,29,0,0,1,1790.0
684,99.0,0.0,0,0,0,1,11880.0
685,19.0,4.8,56,0,1,1,2280.0
686,50.0,4.4,5177,1,0,1,6000.0
687,10.0,0.0,0,0,1,1,1200.0
688,3500.0,4.4,9,1,0,0,3500.0
689,19.99,0.0,0,1,0,0,2398.7999999999997
690,11.0,4.3,6,1,0,0,1320.0
691,89.0,0.0,0,0,0,0,10680.0
692,1.0,0.0,0,1,0,1,10.0
693,25.0,5.0,3,0,0,1,3000.0
694,1.0,0.0,0,1,0,1,120.0
695,15.0,0.0,0,1,0,1,1800.0
696,100.0,0.0,0,0,0,1,100.0
697,69.0,4.3,104,0,0,1,8280.0
698,65.0,4.7,7,0,0,1,7800.0
699,9.99,0.0,0,0,1,0,1198.8
700,14.08,0.0,0,0,1,1,1689.6
701,2.99,0.0,0,0,1,1,358.8
702,399.0,0.0,0,1,0,1,47880.0
703,399.0,0.0,0,1,0,0,47880.0
704,42.510000000000005,4.5,2,0,0,1,5101.200000000001
705,125.0,0.0,0,1,0,1,15000.0
706,18.19,0.0,0,0,0,1,2182.8
707,10.0,4.2,14,1,1,1,1200.0
708,250.0,4.8,17,0,0,1,30000.0
709,39.0,0.0,0,1,0,1,4680.0
710,150.0,4.3,3,1,1,1,18000.0
711,0.15,0.0,0,1,1,1,18.0
712,12.0,0.0,0,1,1,1,1440.0
713,9.0,5.0,1,1,0,1,1080.0
714,15.0,5.0,6,1,1,1,1800.0
715,124.0,5.0,3,0,0,1,14880.0
716,229.0,4.3,3,1,1,1,229.0
717,49.0,4.2,79,1,1,0,5880.0
718,10.0,3.7,3,1,1,1,1200.0
719,49.0,5.0,2,0,1,1,5880.0
720,1.0,0.0,0,0,1,1,120.0
721,49.0,0.0,0,0,0,1,5880.0
722,125.0,4.6,119,0,0,0,15000.0
723,149.95,0.0,0,0,0,1,149.95
724,109.0,0.0,0,1,0,1,13080.0
725,1.99,4.7,9,0,1,1,238.8
726,1.99,5.0,1,0,0,1,238.8
727,128.4,0.0,0,1,0,1,1284.0
728,4.0,0.0,0,0,1,1,480.0
729,9.99,5.0,2,0,0,1,1198.8
730,20.0,0.0,0,0,0,1,2400.0
731,10.0,4.7,3,1,0,1,1200.0
732,100.0,0.0,0,0,0,0,12000.0
733,425.0,0.0,0,0,1,1,425.0
734,10.0,5.0,1,0,0,1,1200.0
735,4.0,4.6,75,1,0,1,480.0
736,14.0,3.6,8,0,1,1,1680.0
737,20.0,0.0,0,0,0,0,2400.0
738,5.45,0.0,0,1,0,0,654.0
739,1000.0,0.0,0,1,0,0,120000.0
740,9.99,5.0,7,0,0,1,1198.8
741,16.35,4.6,24,0,0,1,1962.0000000000002
742,1.0,4.5,2,1,0,1,120.0
743,19.0,5.0,4,0,1,1,2280.0
744,2500.0,0.0,0,1,0,0,300000.0
745,3.5,0.0,0,0,0,1,420.0
746,12.0,4.0,1,0,1,1,1440.0
747,1193.5500000000002,0.0,0,1,0,1,1193.5500000000002
748,38.0,4.2,79,0,0,1,4560.0
749,19.0,4.0,2,0,0,1,2280.0
750,415.0,4.5,25,0,0,0,49800.0
751,19.0,5.0,1,1,1,0,2280.0
752,10.0,0.0,0,0,1,1,1200.0
753,3.25,4.8,958,1,0,0,390.0
754,20000.0,3.0,1,0,0,0,20000.0
755,0.93,4.5,2,0,0,0,111.60000000000001
756,3.2700000000000005,4.7,3,1,0,1,392.40000000000003
757,9.0,5.0,2,0,0,1,1080.0
758,7.0,0.0,0,0,1,1,840.0
759,14.95,0.0,0,1,0,0,1794.0
760,86.11,0.0,0,1,0,0,10333.2
761,10.0,4.4,32,0,1,1,1200.0
762,5.0,0.0,0,0,1,1,600.0
763,25.0,4.8,5,1,1,0,3000.0
764,15.0,0.0,0,0,0,0,1800.0
765,15.0,4.7,51,1,0,1,1800.0
766,20.0,4.0,1,0,1,0,200.0
767,49.0,4.3,21,0,1,1,5880.0
768,12.0,4.6,7,1,1,1,1440.0
769,1.0,5.0,1,0,1,1,120.0
770,7.5,4.6,14,0,1,1,900.0
771,45.0,4.3,6,1,1,1,5400.0
772,49.0,4.0,1,0,1,1,5880.0
773,250.0,0.0,0,0,0,1,30000.0
774,6.2675,5.0,1,0,1,1,752.1
775,399.0,4.9,12,0,0,1,47880.0
776,5.8,4.5,4,1,1,1,696.0
777,240.0,4.8,16,0,1,1,2400.0
778,240.0,4.6,13,1,0,1,28800.0
779,10.0,3.9,31,1,1,1,1200.0
780,6.0,4.5,445,1,0,1,60.0
781,10.0,4.7,29,0,0,1,1200.0
782,25.0,0.0,0,0,0,0,3000.0
783,6.0,4.8,25,1,0,1,720.0
784,108.25,4.6,159,0,0,1,12990.0
785,7.0,5.0,9,1,1,1,840.0
786,5.0,4.3,10,0,1,1,600.0
787,60.0,4.4,29,1,0,0,7200.0
788,24.0,4.5,160,1,0,1,2880.0
789,3.0,4.7,76,1,0,1,360.0
790,1000.0,0.0,0,1,0,1,1000.0
791,49.0,5.0,1,1,0,1,5880.0
792,99.0,4.5,11,0,0,1,11880.0
793,4.905,4.2,52,1,0,1,588.6
794,249.0,5.0,5,0,0,1,29880.0
795,3.0,5.0,3,1,0,1,360.0
796,199.0,4.0,3,0,0,0,23880.0
797,54.48910000000001,4.6,14,0,0,1,6538.692000000001
798,15.0,5.0,2,1,1,1,1800.0
799,45.0,0.0,0,0,0,1,5400.0
800,150.0,0.0,0,1,0,0,1500.0
801,29.0,0.0,0,0,0,0,3480.0
802,4.75,4.5,234,1,1,1,570.0
803,6.0,0.0,0,0,1,1,720.0
804,49.95,4.0,1,0,1,1,5994.0
805,12.0,5.0,4,0,1,1,1440.0
806,9.0,1.0,1,0,1,1,1080.0
807,200.0,0.0,0,0,0,1,24000.0
808,79.0,4.8,20,0,1,1,790.0
809,0.5,0.0,0,0,0,1,60.0
810,78.0,4.6,85,0,0,1,9360.0
811,499.0,3.0,3,0,0,0,59880.0
812,49.0,4.7,27,0,0,1,5880.0
813,10.0,5.0,1,0,0,1,1200.0
814,9.95,4.5,2,0,1,1,1194.0
815,21.691,4.7,15,1,0,1,2602.92
816,29.0,4.4,110,0,1,1,3480.0
817,2.49,4.8,5,1,0,1,298.8
818,650.0,5.0,1,1,0,0,78000.0
819,25.0,0.0,0,0,0,1,3000.0
820,51.0,4.5,41,1,1,0,6120.0
821,50000.0,0.0,0,1,0,1,50000.0
822,8.0,4.5,4,0,0,1,960.0
823,3.5,4.6,51,1,1,1,420.0
824,29.0,4.3,23,1,1,1,3480.0
825,40.0,4.9,66,0,0,1,4800.0
826,19.0,4.7,7,1,0,1,2280.0
827,10.0,0.0,0,1,0,1,1200.0
828,0.8,0.0,0,0,0,1,96.0
829,97.01,0.0,0,1,1,1,11641.2
830,40.0,0.0,0,0,0,0,4800.0
831,60.0,5.0,2,1,0,1,7200.0
832,55.0,4.4,37,1,0,1,6600.0
833,41.42,4.4,14,1,0,0,4970.400000000001
834,35.0,4.9,8,1,0,1,4200.0
835,7.99,4.7,42,1,1,1,958.8000000000001
836,8.72,4.7,35,1,1,1,1046.4
837,2000.0,3.0,1,1,1,1,20000.0
838,750.0,0.0,0,1,0,0,90000.0
839,99.0,4.3,154,0,1,1,11880.0
840,21.0,4.8,42,1,0,1,210.0
841,30.0,4.8,8,0,1,1,3600.0
842,10.0,0.0,0,0,0,1,1200.0
843,15.0,0.0,0,0,0,1,1800.0
844,21.8,0.0,0,0,0,0,2616.0
845,10.0,0.0,0,0,0,0,1200.0
846,79.0,4.7,43,0,1,1,9480.0
847,98.0,5.0,3,0,0,1,11760.0
848,15.0,4.7,41,1,0,1,1800.0
849,99.0,0.0,0,1,1,0,11880.0
850,2.9430000000000005,0.0,0,1,0,1,353.1600000000001
851,175.0,4.8,12,0,0,0,21000.0
852,35.0,0.0,0,0,0,1,4200.0
853,4.0,4.8,67,1,1,1,480.0
854,350.0,4.2,10,0,0,1,42000.0
855,49.0,4.3,3,0,1,0,5880.0
856,20.0,4.3,3,0,0,1,2400.0
857,50.0,5.0,1,1,0,1,6000.0
858,47.0,0.0,0,0,0,1,5640.0
859,64.6,4.0,2,1,1,1,646.0
860,80.0,0.0,0,1,0,1,9600.0
861,3.2591000000000006,0.0,0,1,0,0,32.59100000000001
862,250.0,0.0,0,1,0,0,30000.0
863,3.161,4.9,32,1,0,1,379.32
864,5.0,0.0,0,1,1,0,600.0
865,24.0,4.9,27,0,1,1,2880.0
866,0.5,5.0,4,0,0,0,60.0
867,39.0,4.4,54,0,0,1,4680.0
868,19.0,0.0,0,1,1,1,2280.0
869,21.8,0.0,0,1,0,1,2616.0
870,10.0,3.9,21,1,0,1,1200.0
871,7.0,0.0,0,0,0,0,7.0
872,26.4,5.0,2,0,0,1,264.0
873,76.0,5.0,1,0,0,1,9120.0
874,99.99,5.0,6,1,0,1,11998.8
875,22.0,4.0,15,1,0,1,2640.0
876,3.2700000000000005,4.0,1,1,0,1,392.40000000000003
877,14.0,4.7,14,0,0,1,1680.0
878,200.0,4.6,454,1,0,1,24000.0
879,7.0,4.0,3,0,1,1,840.0
880,225.0,4.0,1,1,0,0,27000.0
881,3795.0,5.0,1,0,0,1,3795.0
882,83.0,4.4,18,0,0,1,9960.0
883,40.0,5.0,1,0,0,1,4800.0
884,4.0,4.6,109,1,0,0,480.0
885,75.0,4.0,1,1,0,1,9000.0
886,10.0,0.0,0,0,0,1,100.0
887,118.81,4.2,19,0,0,1,14257.2
888,29.0,4.3,6,0,0,1,29.0
889,10.0,4.9,12,0,1,1,1200.0
890,5.0,4.4,53,0,1,1,600.0
891,12.99,4.9,32,1,1,1,1558.8
892,12.0,0.0,0,0,0,1,1440.0
893,360.0,4.7,15,0,0,0,43200.0
894,9.0,0.0,0,1,1,1,1080.0
895,120.0,0.0,0,1,0,0,14400.0
896,200.0,5.0,1,0,0,1,2000.0
897,10.0,0.0,0,1,1,0,1200.0
898,12.99,4.0,5,1,1,0,1558.8
899,28.0,0.0,0,0,0,0,3360.0
900,29.0,0.0,0,0,0,0,3480.0
901,1000.0,0.0,0,1,0,0,1000.0
902,34.0,4.9,12,0,0,1,4080.0
903,7.0,0.0,0,0,0,1,840.0
904,49.0,4.8,13,0,1,1,5880.0
905,216.91000000000003,0.0,0,1,0,1,26029.200000000004
906,299.0,0.0,0,0,1,1,35880.0
907,225.0,4.5,15,0,1,1,27000.0
908,95.0,4.9,7,1,1,1,11400.0
909,29.0,5.0,2,1,1,1,3480.0
910,600.0,4.5,277,0,0,1,6000.0
911,8000.0,0.0,0,1,0,0,8000.0
912,8.0,5.0,7,1,1,0,960.0
913,20.71,4.4,23,1,0,1,2485.2000000000003
914,3.0,0.0,0,0,1,1,360.0
915,75.0,4.8,4,0,1,1,9000.0
916,7.0,0.0,0,0,0,1,840.0
917,5.45,4.8,6,1,0,1,654.0
918,510.12000000000006,0.0,0,0,0,0,5101.200000000001
919,39.0,4.6,86,0,1,0,4680.0
920,4.99,4.7,13,0,0,1,598.8000000000001
921,4.0,4.1,8,0,1,1,480.0
922,3.5,5.0,4,1,0,0,420.0
923,139.0,4.4,135,0,1,1,16680.0
924,38.150000000000006,0.0,0,0,1,0,4578.000000000001
925,3.0,4.0,1,0,0,1,360.0
926,1.5,5.0,1,1,0,1,180.0
927,159.0,4.8,33,0,0,1,159.0
928,49.0,4.7,31,1,0,1,5880.0
929,500.0,4.6,5,0,0,1,60000.0
930,1.0,4.4,151,1,1,0,120.0
931,4.36,4.6,17,1,0,1,523.2
932,16.75,0.0,0,0,0,1,167.5
933,49.0,4.9,48,1,0,1,5880.0
934,30.0,0.0,0,0,0,1,3600.0
935,198.99,0.0,0,0,1,0,23878.800000000003
936,59.99,4.5,124,0,0,1,7198.8
937,31.610000000000003,4.0,1,1,0,1,3793.2000000000003
938,13.64,3.2,6,0,0,0,1636.8000000000002
939,1635.0000000000002,4.0,46,0,0,0,196200.00000000003
940,800.0,0.0,0,0,0,0,8000.0
941,60.0,4.3,231,0,0,1,7200.0
942,1.6350000000000002,4.8,4,1,1,1,196.20000000000002
943,9.0,4.8,10,0,1,1,1080.0
944,55.0,4.3,24,0,0,0,550.0
945,64.99,4.3,136,1,0,1,64.99
946,500.0,0.0,0,0,0,0,500.0
947,9.0,5.0,1,0,1,1,1080.0
948,29.95,5.0,2,0,1,1,3594.0
949,15.0,4.8,177,1,0,1,1800.0
950,49.0,5.0,2,0,1,1,5880.0
951,5000.0,0.0,0,1,0,1,5000.0
952,8.99,0.0,0,0,0,1,1078.8
953,35.0,0.0,0,1,1,1,4200.0
954,9.0,4.5,2960,1,0,1,1080.0
955,8.0,4.5,108,1,0,1,960.0
956,199.0,4.6,28,0,1,1,23880.0
957,124.0,4.3,3,1,1,0,14880.0
958,15.0,4.7,118,1,0,1,1800.0
959,4.36,0.0,0,1,0,1,523.2
960,2.0,0.0,0,0,0,1,20.0
961,1.0,0.0,0,0,1,1,120.0
962,15.0,4.4,9,0,1,1,1800.0
963,4.99,0.0,0,1,0,1,598.8000000000001
964,6.0,4.5,2,1,1,1,720.0
965,25.0,0.0,0,0,0,0,3000.0
966,49.0,5.0,1,0,0,0,5880.0
967,99.0,4.7,7,0,0,1,11880.0
968,1.0,0.0,0,1,0,1,120.0
969,3.0,5.0,3,0,0,1,360.0
970,7.0,4.5,196,1,1,1,840.0
971,3.8150000000000004,4.4,5,1,1,1,457.80000000000007
972,99.0,0.0,0,1,0,1,11880.0
973,1635.0000000000002,5.0,1,1,0,1,16350.000000000002
974,3000.0,4.5,2,0,0,1,30000.0
975,10500.0,4.4,46,0,1,1,105000.0
976,49.0,5.0,1,0,1,0,5880.0
977,49.0,4.8,47,0,0,0,5880.0
978,17.44,5.0,2,0,1,1,2092.8
979,15.0,4.5,2,0,0,1,1800.0
980,4.36,5.0,1,1,0,1,523.2
981,19.0,4.7,20,1,0,1,2280.0
982,8.393,5.0,2,1,0,1,1007.1600000000001
983,37.0,0.0,0,1,0,1,37.0
984,9.0,4.9,24,1,0,1,1080.0
985,30.0,0.0,0,1,1,1,3600.0
986,4.0,3.0,1,1,0,1,40.0
987,3.0,4.3,14,1,0,1,360.0
988,999.0,0.0,0,1,0,1,999.0
989,15.260000000000002,3.8,9,0,1,1,1831.2000000000003
990,39.0,3.0,1,1,0,0,39.0
991,25.0,0.0,0,0,0,1,3000.0
992,89.0,4.5,2,0,1,1,10680.0
993,99.0,0.0,0,0,0,0,11880.0
994,225.0,4.9,15,0,0,0,27000.0
995,10.0,0.0,0,1,0,0,1200.0
996,689.9,4.3,45,1,1,1,689.9
997,45.0,3.5,66,1,0,1,5400.0
998,15.0,4.4,68,1,0,1,1800.0
999,58.0,4.2,233,1,0,1,6960.0
1000,3.0,4.8,5,1,0,1,360.0
1001,8.49,5.0,2,1,0,1,1018.8000000000001
1002,9.0,5.0,1,0,1,1,1080.0
1003,21.0,5.0,3,0,1,1,2520.0
1004,1.09,4.8,75,1,1,1,130.8
1005,45.0,0.0,0,0,1,0,5400.0
1006,49.0,0.0,0,0,0,0,490.0
1007,2.18,4.7,35,1,1,1,261.6
1008,15.0,0.0,0,1,0,1,1800.0
1009,15.0,5.0,1,0,0,0,1800.0
1010,2.28,4.4,343,1,0,1,273.59999999999997
1011,100.0,4.5,2,1,0,0,12000.0
1012,25.0,4.9,10,0,1,1,3000.0
1013,1.0,5.0,1,1,0,1,120.0
1014,70.0,0.0,0,1,0,1,8400.0
1015,7.0,4.8,26,0,1,0,840.0
1016,49.99,4.5,28,1,0,1,5998.8
1017,97.0,0.0,0,0,0,0,11640.0
1018,9.99,0.0,0,1,0,0,1198.8
1019,149.0,4.4,157,0,0,1,17880.0
1020,9.0,4.8,10,0,0,1,1080.0
1021,32.0,4.7,73,1,1,1,3840.0
1022,10.0,4.0,1,1,1,0,1200.0
1023,60.0,5.0,1,1,0,1,7200.0
1024,100.0,4.8,64,1,0,1,12000.0
1025,16.35,0.0,0,1,0,1,1962.0000000000002
1026,10.9,4.9,12,0,0,1,1308.0
1027,5.45,4.9,7,1,0,1,654.0
1028,35.0,0.0,0,0,0,0,4200.0
1029,4.349100000000001,0.0,0,1,1,0,521.892
1030,21.691,5.0,1,0,1,1,2602.92
1031,53.410000000000004,0.0,0,0,0,1,6409.200000000001
1032,59.0,4.7,491,1,1,1,7080.0
1033,35.0,0.0,0,0,1,1,4200.0
1034,130.0,4.7,92,0,0,1,130.0
1035,0.10900000000000001,4.4,9,0,1,1,13.080000000000002
1036,50.0,0.0,0,0,0,1,6000.0
1037,200.0,4.2,10,0,1,1,24000.0
1038,15000.0,0.0,0,1,0,1,15000.0
1039,35000.0,0.0,0,1,0,0,35000.0
1040,1000.0,4.0,1,1,0,1,120000.0
1041,289.94,0.0,0,0,0,1,34792.8
1042,2.1691000000000003,0.0,0,0,0,0,260.29200000000003
1043,75.0,4.0,1,0,0,1,75.0
1044,39.0,4.9,14,1,0,1,4680.0
1045,149.0,4.6,84,0,0,1,17880.0
1046,800.0,0.0,0,1,0,1,8000.0
1047,19.0,4.6,25,0,1,0,2280.0
1048,49.0,5.0,1,1,0,1,5880.0
1049,21.8,4.9,10,0,1,1,2616.0
1050,1000.0,4.0,1,1,0,0,1000.0
1051,15.0,4.8,12,0,1,1,1800.0
1052,149.0,4.0,1,1,0,1,17880.0
1053,50.0,5.0,1,1,0,1,6000.0
1054,98.0,5.0,1,1,0,0,11760.0
1055,350.0,5.0,1,1,0,1,350.0
1056,107.91000000000001,4.2,10,0,1,1,12949.2
1057,9.99,4.3,7,0,1,1,1198.8
1058,9.99,5.0,4,1,1,0,1198.8
1059,34.99,1.0,1,0,0,1,4198.8
1060,15.0,5.0,4,0,0,1,1800.0
1061,50.0,0.0,0,0,1,1,6000.0
1062,749.0,4.8,13,0,0,1,7490.0
1063,15.260000000000002,5.0,1,1,0,1,1831.2000000000003
1064,24.0,0.0,0,1,0,1,2880.0
1065,1.9620000000000002,4.8,31,1,0,0,235.44000000000003
1066,99.0,4.9,7,0,1,1,11880.0
1067,20.0,0.0,0,0,1,0,2400.0
1068,25.0,5.0,2,0,0,1,3000.0
1069,99.0,1.0,1,0,0,1,11880.0
1070,6.99,4.5,2,1,1,1,838.8000000000001
1071,40.0,0.0,0,0,1,1,4800.0
1072,24.0,5.0,1,0,0,0,2880.0
1073,12.0,4.4,89,1,1,1,1440.0
1074,49.0,0.0,0,0,1,1,5880.0
1075,10.0,4.9,11,1,0,1,1200.0
1076,12.99,0.0,0,0,1,1,1558.8
1077,2.0,0.0,0,1,0,0,240.0
1078,7.99,5.0,3,0,0,1,958.8000000000001
1079,3000.0,0.0,0,1,0,0,3000.0
1080,245.0,2.0,1,1,0,0,245.0
1081,53.410000000000004,4.5,37,1,0,1,6409.200000000001
1082,30.0,0.0,0,0,0,1,3600.0
1083,15.0,0.0,0,1,0,1,1800.0
1084,2.7141000000000006,4.3,52,1,0,1,325.69200000000006
1085,70.0,5.0,1,0,0,0,8400.0
1086,500.0,4.4,66,0,0,0,60000.0
1087,100.0,4.2,13,0,0,0,12000.0
1088,9.99,4.4,5,0,1,1,1198.8
1089,10.9,0.0,0,1,0,1,1308.0
1090,47.98,0.0,0,1,0,1,47.98
1091,50.0,4.4,69,1,0,0,6000.0
1092,500.0,0.0,0,1,1,1,500.0
1093,199.0,4.8,8,1,0,0,1990.0
1094,26.160000000000004,0.0,0,1,1,1,3139.2000000000003
1095,459.88,4.7,3,0,0,0,4598.8
1096,19.99,5.0,1,0,0,1,2398.7999999999997
1097,4.0,4.5,77,1,0,0,480.0
1098,249.0,4.5,2,0,0,1,29880.0
1099,3.2700000000000005,0.0,0,1,0,1,392.40000000000003
1100,2.0,4.5,2,0,1,1,240.0
1101,8.5,4.7,14,1,0,1,1020.0
1102,60.0,4.5,24,1,0,1,7200.0
1103,29.0,4.8,4,0,0,1,3480.0
1104,6.0,4.8,25,1,1,1,720.0
1105,5.0,4.1,36,1,1,1,600.0
1106,53.410000000000004,4.8,6,1,0,1,6409.200000000001
1107,8.62,0.0,0,0,0,1,1034.3999999999999
1108,65.0,5.0,3,1,0,1,7800.0
1109,39.0,5.0,2,0,0,1,4680.0
1110,24.9,4.4,1872,1,0,0,2988.0
1111,20.0,4.9,7,1,0,1,2400.0
1112,70.0,4.4,19,1,0,1,8400.0
1113,3000.0,0.0,0,1,0,0,3000.0
1114,150.0,0.0,0,1,0,1,150.0
1115,199.0,4.2,12,0,0,1,23880.0
1116,69.0,0.0,0,0,0,0,8280.0
1117,31.0,0.0,0,1,0,1,3720.0
1118,316.1,0.0,0,0,0,0,37932.0
1119,470.0,4.5,2,1,0,1,4700.0
1120,19.95,4.8,1064,0,0,0,2394.0
1121,10.791,5.0,3,0,1,1,1294.92
1122,35.0,0.0,0,1,0,0,4200.0
1123,500.0,4.6,27,0,0,1,5000.0
1124,39.0,4.2,5,0,0,0,39.0
1125,0.6,3.8,4,1,1,1,72.0
1126,272.5,0.0,0,0,0,1,32700.0
1127,1.0,0.0,0,0,1,1,120.0
1128,250.0,0.0,0,1,0,1,30000.0
1129,28.0,0.0,0,1,1,1,3360.0
1130,29.0,0.0,0,1,0,1,3480.0
1131,1992.0,3.6,170,1,0,0,1992.0
1132,10.889100000000001,4.6,9,1,0,1,1306.692
1133,10.0,4.9,15,0,1,1,1200.0
1134,4.0,4.6,40,1,0,1,480.0
1135,1.0,0.0,0,1,0,1,120.0
1136,1.09,0.0,0,1,1,1,130.8
1137,3000.0,0.0,0,0,0,0,3000.0
1138,89.0,4.2,135,0,0,0,10680.0
1139,6.0,0.0,0,0,1,1,720.0
1140,125.0,4.1,16,1,0,1,15000.0
1141,200.0,0.0,0,1,0,0,200.0
1142,99.95,0.0,0,0,0,0,99.95
1143,10.0,0.0,0,1,0,1,1200.0
1144,12.0,5.0,1,0,0,1,1440.0
1145,10.0,4.0,1,0,0,1,1200.0
1146,79.0,5.0,3,0,0,1,9480.0
1147,6.5,0.0,0,0,0,1,780.0
1148,79.99,5.0,1,0,0,0,79.99
1149,1.0,4.9,64,0,0,0,120.0
1150,8.99,3.8,6,1,0,1,1078.8
1151,10.9,0.0,0,1,0,1,1308.0
1152,100.0,4.9,10,0,0,1,12000.0
1153,19.99,0.0,0,1,0,1,2398.7999999999997
1154,40.0,5.0,10,0,1,1,4800.0
1155,30.0,4.0,1,0,0,1,3600.0
1156,22.781,0.0,0,1,0,1,2733.72
1157,180.0,0.0,0,1,0,0,21600.0
1158,130.0,0.0,0,1,1,1,130.0
1159,19.0,0.0,0,1,0,0,2280.0
1160,12.0,0.0,0,0,0,1,1440.0
1161,8.0,4.6,184,1,1,1,960.0
1162,50.0,4.5,10,1,0,0,6000.0
1163,5.0,5.0,1,1,1,1,600.0
1164,3.2591000000000006,0.0,0,1,0,1,391.09200000000004
1165,65.0,4.6,26,0,0,1,65.0
1166,2.5,4.7,26,1,1,1,300.0
1167,29.0,4.3,3,0,0,1,3480.0
1168,39.0,5.0,12,0,0,1,4680.0
1169,45.0,0.0,0,0,0,0,5400.0
1170,395.0,4.4,16,0,0,1,395.0
1171,59.0,0.0,0,0,0,1,7080.0
1172,49.0,5.0,5,1,0,0,5880.0
1173,29.0,4.5,123,1,1,1,3480.0
1174,95.0,4.5,2,0,0,0,11400.0
1175,20.0,4.6,13,0,0,1,2400.0
1176,19.99,3.8,9,0,0,1,2398.7999999999997
1177,11.99,0.0,0,1,0,1,1438.8
1178,2499.0,0.0,0,1,0,1,2499.0
1179,39.0,4.0,2,1,0,0,4680.0
1180,3.95,5.0,1,0,0,0,474.0
1181,148.0,4.4,39,1,0,0,17760.0
1182,64.31,4.6,122,0,1,1,643.1
1183,19.0,0.0,0,0,0,1,2280.0
1184,319.0,4.8,11,1,0,1,38280.0
1185,129.95,0.0,0,0,0,1,129.95
1186,69.0,4.7,3,0,0,1,690.0
1187,9.0,4.7,1415,1,1,1,1080.0
1188,59.0,4.5,133,0,1,1,7080.0
1189,545.0,0.0,0,0,0,0,65400.0
1190,295.0,0.0,0,1,1,0,295.0
1191,21.8,4.6,7,0,0,1,2616.0
1192,90.47000000000001,4.5,4,1,1,1,10856.400000000001
1193,9.81,4.6,126,0,1,0,1177.2
1194,12.0,0.0,0,1,0,1,1440.0
1195,10.0,0.0,0,1,1,1,1200.0
1196,5.0,0.0,0,0,0,1,600.0
1197,13.0,0.0,0,0,0,0,1560.0
1198,20.71,4.9,8,1,1,1,2485.2000000000003
1199,395.0,4.4,14,0,0,1,47400.0
1200,5.0,4.8,5,1,0,0,600.0
1201,8.72,0.0,0,1,0,1,1046.4
1202,750.0,0.0,0,1,0,0,90000.0
1203,329.0,3.9,218,0,0,0,39480.0
1204,60000.0,0.0,0,1,0,0,60000.0
1205,75.0,0.0,0,0,0,1,9000.0
1206,16.35,0.0,0,1,0,0,1962.0000000000002
1207,30.0,5.0,1,1,0,0,3600.0
1208,1.0,4.5,2,0,0,1,120.0
1209,600.0,0.0,0,0,0,0,72000.0
1210,60.0,4.2,5,0,0,0,7200.0
1211,20.71,4.7,25,0,0,1,2485.2000000000003
1212,45.0,0.0,0,0,0,0,5400.0
1213,6.0,0.0,0,1,0,1,720.0
1214,3999.0,0.0,0,1,0,1,3999.0
1215,9.75,0.0,0,0,0,1,1170.0
1216,8.0,3.9,140,1,0,0,960.0
1217,16.241000000000003,0.0,0,1,1,0,1948.9200000000003
1218,5.0,4.0,2,0,1,1,600.0
1219,6.67,4.0,2,0,1,1,800.4
1220,16.66,0.0,0,0,0,1,1999.2
1221,49.0,4.4,3682,1,0,1,5880.0
1222,159.0,4.1,7,0,0,0,19080.0
1223,99.0,0.0,0,0,0,0,11880.0
1224,19.0,4.6,2849,0,0,1,2280.0
1225,55.0,5.0,3,0,1,1,6600.0
1226,99.0,0.0,0,0,0,1,11880.0
1227,0.2725,0.0,0,1,0,1,32.7
1228,29.0,4.2,48,0,0,1,3480.0
1229,5.0,0.0,0,1,0,1,600.0
1230,125.0,0.0,0,1,0,0,15000.0
1231,75.0,4.8,119,0,0,1,9000.0
1232,2300.0,4.0,4,1,0,1,23000.0
1233,18.0,4.7,35,0,0,1,2160.0
1234,18.0,4.0,1,0,0,1,2160.0
1235,25.0,4.9,27,1,1,1,3000.0
1236,11.95,0.0,0,0,0,1,1434.0
1237,290.0,4.9,13,1,0,0,290.0
1238,749.0,5.0,1,0,1,0,89880.0
1239,6000.0,0.0,0,1,0,0,6000.0
1240,97.0,0.0,0,0,0,1,11640.0
1241,6.0,4.3,6,0,0,1,720.0
1242,2.0,0.0,0,1,1,0,240.0
1243,50.0,0.0,0,1,0,1,6000.0
1244,5.0,4.9,10,0,1,1,600.0
1245,8.75,0.0,0,0,0,0,1050.0
1246,34.0,0.0,0,1,0,1,4080.0
1247,35.0,5.0,1,1,0,1,4200.0
1248,199.0,0.0,0,1,0,0,23880.0
1249,74.95,4.0,2,0,0,1,74.95
1250,39.9,4.0,3,0,1,1,399.0
1251,107.91000000000001,0.0,0,0,0,1,12949.2
1252,50.0,4.9,25,0,0,1,6000.0
1253,99.5,3.5,2,1,0,0,99.5
1254,699.0,4.5,10,0,0,1,6990.0
1255,300.0,4.0,7,0,0,1,36000.0
1256,29.0,4.5,249,0,0,1,3480.0
1257,50.0,4.6,618,0,0,0,6000.0
1258,499.0,4.6,28,0,0,0,59880.0
1259,0.01,0.0,0,0,0,1,0.01
1260,5.0,0.0,0,1,0,1,600.0
1261,20.0,0.0,0,0,1,0,2400.0
1262,32.7,4.7,22,1,1,1,3924.0000000000005
1263,100.0,4.8,175,0,1,1,12000.0
1264,4.99,4.4,24,1,1,1,598.8000000000001
1265,4.5,4.8,8,1,0,1,540.0
1266,24.0,5.0,3,0,0,1,2880.0
1267,29.0,4.7,26,0,0,1,3480.0
1268,20.0,0.0,0,1,1,1,2400.0
1269,59.0,5.0,6,1,0,1,7080.0
1270,9.0,5.0,1,1,0,1,1080.0
1271,17.0,4.7,12,0,0,1,2040.0
1272,14.99,4.0,2,1,1,1,14.99
1273,38.150000000000006,0.0,0,1,1,0,4578.000000000001
1274,29.0,5.0,4,0,0,1,3480.0
1275,7.63,4.0,3,0,1,1,915.6
1276,12.0,4.6,58,1,0,1,1440.0
1277,15.0,4.3,58,1,1,1,1800.0
1278,899.0,4.0,1,1,0,0,107880.0
1279,3.0,4.5,6,0,1,1,360.0
1280,25.0,4.3,19,0,0,1,3000.0
1281,300.0,0.0,0,1,0,0,36000.0
1282,5.0,0.0,0,0,1,1,600.0
1283,14.21,3.7,3,1,0,0,1705.2
1284,10.0,4.6,205,1,0,1,1200.0
1285,61.0,4.2,756,0,1,1,7320.0
1286,5.99,5.0,3,0,0,1,718.8000000000001
1287,1.09,0.0,0,1,0,0,130.8
1288,20.71,0.0,0,1,0,0,2485.2000000000003
1289,19.0,4.2,389,1,0,1,2280.0
1290,13.080000000000002,0.0,0,1,0,0,1569.6000000000001
1291,75.0,0.0,0,1,0,1,9000.0
1292,30.0,0.0,0,1,0,1,3600.0
1293,150.0,4.0,1,0,0,1,150.0
1294,35.0,0.0,0,1,1,1,4200.0
1295,14.9,4.5,2866,1,0,1,1788.0
1296,250.0,4.6,25,1,1,0,30000.0
1297,66.0,0.0,0,0,0,0,66.0
1298,29.99,4.1,54,0,1,1,29.99
1299,29.0,0.0,0,1,0,1,3480.0
1300,129.0,4.4,431,0,0,1,15480.0
1301,6.0,4.7,7,0,1,1,720.0
1302,41.95,4.3,179,0,0,1,5034.0
1303,50.0,0.0,0,0,0,1,6000.0
1304,9.99,3.0,1,0,0,0,1198.8
1305,29.0,0.0,0,0,0,1,3480.0
1306,25.0,0.0,0,0,0,1,3000.0
1307,45.0,4.8,38,0,0,1,5400.0
1308,49.0,4.7,18,0,0,1,5880.0
1309,4.0,4.6,20,1,0,1,480.0
1310,10.0,0.0,0,0,1,0,1200.0
1311,9.0,4.2,44,1,1,1,1080.0
1312,60.0,4.3,12,1,0,1,7200.0
1313,44.0,4.3,14,1,0,0,5280.0
1314,14.98,5.0,7,0,1,1,1797.6000000000001
1315,23.0,5.0,2,0,0,1,230.0
1316,38.42,0.0,0,1,1,1,4610.400000000001
1317,499.0,0.0,0,1,0,0,499.0
1318,162.41000000000003,0.0,0,1,0,1,19489.200000000004
1319,395.0,4.9,10,0,0,1,47400.0
1320,10000.0,0.0,0,1,0,0,10000.0
1321,50.0,5.0,11,0,0,1,6000.0
1322,95.0,0.0,0,0,1,0,11400.0
1323,11.2,4.0,1,0,0,1,1344.0
1324,20.0,3.0,1,0,0,1,2400.0
1325,95.0,4.5,11,1,0,1,11400.0
1326,25.0,4.4,290,1,0,1,3000.0
1327,99.99,4.2,5,1,1,1,99.99
1328,2.0,4.5,184,1,0,1,240.0
1329,35.0,0.0,0,0,0,0,4200.0
1330,179.85000000000002,5.0,1,0,1,1,1798.5000000000002
1331,9.99,5.0,3,1,0,1,1198.8
1332,14.0,0.0,0,0,0,1,1680.0
1333,4.0,4.2,12,0,0,0,480.0
1334,7.0,0.0,0,0,0,1,840.0
1335,9.0,4.0,4,0,1,1,1080.0
1336,20.71,5.0,1,1,1,1,2485.2000000000003
1337,50.0,0.0,0,1,1,1,6000.0
1338,129.0,3.9,16,0,1,1,129.0
1339,9.95,4.6,9,0,1,1,1194.0
1340,59.0,4.5,152,0,0,1,7080.0
1341,100.0,4.2,544,0,0,1,12000.0
1342,10.0,0.0,0,0,1,1,10.0
1343,9.99,0.0,0,1,0,1,1198.8
1344,30.0,3.7,703,1,0,1,3600.0
1345,30.0,0.0,0,1,0,1,3600.0
1346,7.99,4.7,220,1,1,1,958.8000000000001
1347,425.1,4.6,20,0,0,1,51012.0
1348,9.0,4.7,3,0,0,1,1080.0
1349,100000.0,0.0,0,0,0,0,100000.0
1350,8000.0,0.0,0,1,0,1,8000.0
1351,150.0,4.8,119,1,0,0,1500.0
1352,349.0,0.0,0,1,0,1,3490.0
1353,70.0,0.0,0,1,0,1,8400.0
1354,543.9100000000001,4.5,208,0,1,1,65269.20000000001
1355,449.95,4.8,9,0,1,1,53994.0
1356,5.9,5.0,5,0,0,1,708.0
1357,100.0,0.0,0,0,0,0,12000.0
1358,15.0,5.0,5,0,1,1,1800.0
1359,7.0,5.0,1,1,0,1,840.0
1360,49.0,2.0,2,0,0,1,5880.0
1361,9.0,0.0,0,1,0,1,1080.0
1362,90.0,0.0,0,1,0,1,10800.0
1363,39.0,4.0,5,0,1,1,4680.0
1364,5.0,0.0,0,0,1,1,600.0
1365,12.0,4.1,7,0,0,1,1440.0
1366,150.0,0.0,0,0,0,0,18000.0
1367,24.0,4.0,4,1,0,0,2880.0
1368,6.41,4.0,1,1,1,1,769.2
1369,50.0,3.7,307,1,0,0,6000.0
1370,5.45,4.5,13,0,0,1,654.0
1371,100.0,0.0,0,0,0,0,12000.0
1372,25.0,0.0,0,0,0,1,3000.0
1373,35.0,5.0,5,1,0,1,4200.0
1374,29.0,4.7,151,1,0,1,3480.0
1375,9.81,0.0,0,1,0,1,98.10000000000001
1376,900.0,4.3,253,0,0,0,108000.0
1377,5.45,0.0,0,1,1,1,654.0
1378,97.0,4.0,1,1,0,1,11640.0
1379,49.0,4.6,16,1,0,1,490.0
1380,10.0,4.2,22,0,1,1,1200.0
1381,39.0,4.7,114,1,0,1,4680.0
1382,42.510000000000005,4.0,6,0,0,1,425.1
1383,327.0,5.0,1,0,0,0,39240.0
1384,49.0,5.0,2,0,0,1,49.0
1385,399.0,5.0,3,0,0,0,47880.0
1386,31.610000000000003,0.0,0,1,0,1,3793.2000000000003
1387,21.8,4.0,88,1,0,0,2616.0
1388,18.639000000000003,0.0,0,1,0,1,2236.6800000000003
1389,15.0,0.0,0,0,0,1,1800.0
1390,8.0,4.9,10,0,0,1,960.0
1391,5.0,0.0,0,1,0,0,600.0
1392,1799.0,4.8,24,0,0,0,215880.0
1393,50.0,4.0,1,0,1,1,6000.0
1394,3.0,4.6,139,1,0,1,360.0
1395,50.0,5.0,4,1,1,1,6000.0
1396,1066.28,0.0,0,0,0,0,1066.28
1397,6.0,0.0,0,0,1,1,720.0
1398,5.45,4.5,2,1,0,1,54.5
1399,10.0,5.0,1,0,0,0,1200.0
1400,19.0,4.3,195,1,0,1,2280.0
1401,20.71,4.4,14,0,1,1,2485.2000000000003
1402,5.0,4.5,526,1,0,1,600.0
1403,20.1,5.0,1,0,0,1,2412.0
1404,75.0,5.0,2,0,0,1,9000.0
1405,140.61,0.0,0,1,0,1,16873.2
1406,500.0,0.0,0,1,0,0,500.0
1407,13.5,4.2,5,1,1,1,1620.0
1408,19.0,4.8,6,1,1,1,2280.0
1409,20.0,4.7,6483,0,0,1,2400.0
1410,30.0,4.5,2,0,1,1,3600.0
1411,165.0,4.4,42,1,0,1,19800.0
1412,20.0,4.6,42,0,0,1,2400.0
1413,32.6891,4.6,16,1,0,1,3922.6920000000005
1414,5.75,4.5,206,1,0,1,690.0
1415,5000.0,4.4,10,0,0,1,5000.0
1416,807.0,0.0,0,0,1,1,8070.0
1417,103.55000000000001,4.5,2,1,0,0,12426.000000000002
1418,149.0,4.8,52,0,0,1,17880.0
1419,30.520000000000003,0.0,0,1,0,1,3662.4000000000005
1420,1000.0,4.0,1,0,0,0,120000.0
1421,13.080000000000002,4.2,4,1,0,1,1569.6000000000001
1422,1.0,5.0,8,1,0,1,120.0
1423,4.9,4.9,11,1,1,1,588.0
1424,22.89,0.0,0,1,0,0,2746.8
1425,100.0,0.0,0,1,0,1,12000.0
1426,19.293,4.6,14,0,0,1,2315.16
1427,14.0,4.7,14,0,1,1,1680.0
1428,54.0,4.7,150,0,0,1,6480.0
1429,32.7,0.0,0,1,0,1,3924.0000000000005
1430,1.2,4.5,11,1,1,1,144.0
1431,29.430000000000003,0.0,0,1,1,1,3531.6000000000004
1432,99.0,4.4,25,0,0,1,11880.0
1433,16.0,4.1,338,1,0,1,1920.0
1434,9.0,5.0,28,1,1,1,1080.0
1435,500.0,0.0,0,0,0,0,60000.0
1436,27.250000000000004,4.3,3,0,0,0,3270.0000000000005
1437,21800.0,4.1,17,0,0,0,218000.0
1438,1.99,0.0,0,1,1,0,1.99
1439,29.0,0.0,0,1,0,1,3480.0
1440,59.0,4.4,46,0,0,1,7080.0
1441,40.0,0.0,0,1,1,1,4800.0
1442,14.0,5.0,14,0,1,1,1680.0
1443,29.0,3.4,7,0,0,1,3480.0
1444,1.0,5.0,1,0,0,1,120.0
1445,11.99,4.9,11,0,1,1,1438.8
1446,79.95,4.9,29,1,0,1,9594.0
1447,25.0,4.4,23,1,0,1,3000.0
1448,15.0,5.0,1,1,0,1,1800.0
1449,59.0,4.4,9,0,0,1,7080.0
1450,24.0,4.7,1580,1,0,1,2880.0
1451,100.0,0.0,0,0,0,1,1000.0
1452,54.50000000000001,0.0,0,0,0,0,6540.000000000001
1453,322.64000000000004,0.0,0,0,0,1,3226.4000000000005
1454,126.74,0.0,0,0,0,0,1267.3999999999999
1455,150.0,0.0,0,0,0,1,18000.0
1456,16.99,4.6,13,0,0,1,2038.7999999999997
1457,169.0,4.7,118,0,0,1,20280.0
1458,50.0,4.9,102,0,0,1,6000.0
1459,450.0,0.0,0,0,0,0,54000.0
1460,99.0,4.5,2,1,0,0,990.0
1461,9.0,0.0,0,0,1,1,1080.0
1462,12.0,4.5,13,0,0,1,1440.0
1463,47.0,4.4,26,0,0,0,5640.0
1464,10.0,3.5,2,0,1,1,1200.0
1465,100.0,4.4,97,1,0,1,12000.0
1466,9.0,0.0,0,0,0,0,90.0
1467,3000.0,0.0,0,1,0,0,3000.0
1468,1250.0,4.1,634,0,0,1,150000.0
1469,39.99,0.0,0,0,1,0,4798.8
1470,8.38,0.0,0,0,1,0,1005.6000000000001
1471,3.5,0.0,0,0,0,1,420.0
1472,13.0,4.3,26,1,0,1,1560.0
1473,195.0,4.4,17,0,1,0,23400.0
1474,9.95,0.0,0,0,0,1,1194.0
1475,14.99,4.9,14,0,0,1,1798.8
1476,12.0,4.6,9,0,0,1,1440.0
1477,70.0,4.5,18,0,0,0,8400.0
1478,12.0,4.8,38,0,0,1,1440.0
1479,6000.0,4.8,55,0,0,1,60000.0
1480,15.0,0.0,0,0,0,1,1800.0
1481,49.050000000000004,0.0,0,1,0,0,5886.000000000001
1482,79.0,4.0,1,0,1,0,9480.0
1483,20.71,5.0,10,1,1,1,2485.2000000000003
1484,19.0,0.0,0,1,1,1,2280.0
1485,44.0,4.4,89,0,1,1,440.0
1486,60.0,0.0,0,1,0,1,7200.0
1487,6.0,0.0,0,1,1,1,720.0
1488,9.0,4.0,4,0,1,1,1080.0
1489,8.0,4.7,55,1,0,1,960.0
1490,19.0,4.4,87,0,0,1,2280.0
1491,29.99,4.7,3,0,0,1,3598.7999999999997
1492,4.95,4.8,9,0,1,1,594.0
1493,28.0,5.0,1,0,0,1,3360.0
1494,4.0,5.0,8,1,0,1,480.0
1495,3.0,5.0,21,1,1,1,360.0
1496,325.91,5.0,10,0,0,1,39109.200000000004
1497,11.0,4.8,24,0,0,1,1320.0
1498,19.0,4.3,3,0,0,1,2280.0
1499,5.0,4.9,11,1,0,1,600.0
1500,30.45,4.0,1,0,0,1,3654.0
1501,10.0,4.0,1,1,0,1,1200.0
1502,10.0,5.0,3,1,0,1,1200.0
1503,12.0,4.6,27,1,0,0,1440.0
1504,49.0,5.0,2,0,0,1,5880.0
1505,4.905,5.0,1,1,0,1,588.6
1506,149.0,3.7,3,0,1,0,1490.0
1507,32.7,0.0,0,0,1,1,3924.0000000000005
1508,20.0,4.6,201,1,0,1,2400.0
1509,15.0,4.7,34,1,1,1,1800.0
1510,100.0,0.0,0,0,0,1,1000.0
1511,7.5,4.2,4,0,1,1,900.0
1512,119.9,0.0,0,0,0,0,14388.0
1513,107.91000000000001,4.7,3,0,0,0,12949.2
1514,59.0,3.9,427,0,0,1,7080.0
1515,100.0,0.0,0,1,1,1,1000.0
1516,3.0,4.7,38,1,0,1,360.0
1517,59.0,4.2,126,0,0,1,7080.0
1518,4.0,5.0,2,1,1,1,480.0
1519,9.0,0.0,0,0,0,1,1080.0
1520,1.0,4.0,1,0,0,1,120.0
1521,149.0,4.5,8,0,1,1,1490.0
1522,5.0,4.5,28,1,0,1,600.0
1523,11.86,0.0,0,1,0,0,11.86
1524,9.0,5.0,1,0,1,1,90.0
1525,100.0,0.0,0,0,0,1,12000.0
1526,199.0,0.0,0,0,1,0,23880.0
1527,100.0,4.7,58,0,1,1,12000.0
1528,20.0,4.3,13,0,1,1,2400.0
1529,110.0,4.5,135,0,0,1,13200.0
1530,249.0,0.0,0,0,0,0,29880.0
1531,199.0,5.0,1,1,0,0,23880.0
1532,250.70000000000002,0.0,0,1,0,1,30084.000000000004
1533,10.0,4.8,4,0,0,1,1200.0
1534,350.0,4.5,2,1,1,1,42000.0
1535,29.0,4.7,10,0,1,1,3480.0
1536,40.68,0.0,0,0,0,0,4881.6
1537,15.0,0.0,0,1,0,1,1800.0
1538,49.0,4.7,20,0,0,1,5880.0
1539,19.0,4.3,34,0,0,1,2280.0
1540,5.0,4.6,471,1,0,1,600.0
1541,12.0,0.0,0,0,0,0,1440.0
1542,29.99,4.1,234,0,0,1,3598.7999999999997
1543,212.55,0.0,0,0,0,1,25506.0
1544,8.99,4.7,31,1,1,1,1078.8
1545,199.0,0.0,0,1,1,1,23880.0
1546,499.0,4.3,3,0,0,1,499.0
1547,0.04,5.0,2,0,0,1,0.04
1548,19.0,5.0,1,1,1,0,2280.0
1549,13.080000000000002,4.4,45,0,1,1,1569.6000000000001
1550,100.0,4.5,34,0,0,1,12000.0
1551,64.31,4.0,6,0,0,1,7717.200000000001
1552,9.0,5.0,2,1,0,1,1080.0
1553,349.0,4.0,4,0,0,1,41880.0
1554,0.77,0.0,0,0,0,0,92.4
1555,12.87,0.0,0,0,0,0,1544.3999999999999
1556,1.95,4.7,7,0,0,1,234.0
1557,9.0,5.0,4,0,1,0,1080.0
1558,99.0,4.5,13,1,1,1,11880.0
1559,24.75,0.0,0,0,1,1,24.75
1560,24.95,5.0,3,0,0,1,2994.0
1561,12.0,4.1,24,1,0,1,1440.0
1562,14.0,4.5,583,0,1,0,1680.0
1563,29.0,4.4,10,0,0,1,3480.0
1564,22.236,4.0,18,0,1,1,2668.32
1565,90.0,4.4,7,0,0,0,900.0
1566,29.0,0.0,0,1,0,1,3480.0
1567,25.0,4.8,95,1,0,1,3000.0
1568,20.0,4.5,2,0,0,1,2400.0
1569,5.21,0.0,0,1,0,1,625.2
1570,5.0,5.0,1,1,1,1,600.0
1571,5.0,4.4,28,1,1,1,600.0
1572,172.0,4.4,10,0,0,0,20640.0
1573,9.81,4.6,27,0,0,1,1177.2
1574,10.0,4.5,2,0,1,1,1200.0
1575,3.2700000000000005,4.7,116,1,1,1,392.40000000000003
1576,1000.0,0.0,0,0,0,0,1000.0
1577,9.16,4.3,103,1,0,1,1099.2
1578,7.95,4.8,45,1,0,1,954.0
1579,10000.0,2.7,3,0,0,0,100000.0
1580,6.540000000000001,0.0,0,1,0,1,784.8000000000001
1581,10.0,0.0,0,0,1,1,1200.0
1582,49.0,0.0,0,1,1,1,49.0
1583,900.0,0.0,0,0,0,0,900.0
1584,24.0,0.0,0,0,0,0,2880.0
1585,5.0,5.0,1,1,0,1,600.0
1586,11.99,5.0,3,1,0,1,1438.8
1587,10.0,3.9,24,1,0,1,1200.0
1588,5.0,4.5,2,1,0,1,600.0
1589,11.99,4.8,10,1,0,1,1438.8
1590,69.0,5.0,3,1,0,1,8280.0
1591,9.0,4.5,110,1,1,1,1080.0
1592,9.0,3.7,6,0,0,1,1080.0
1593,27.0,4.1,47,0,1,1,3240.0
1594,25.0,4.7,144,1,1,1,3000.0
1595,28.99,4.7,3,1,0,1,3478.7999999999997
1596,199.0,0.0,0,1,0,0,199.0
1597,4000.0,3.5,2,1,0,1,480000.0
1598,12000.0,4.5,32,0,0,0,120000.0
1599,46.870000000000005,4.4,8,0,0,1,5624.400000000001
1600,100.0,4.2,5,1,0,0,12000.0
1601,29.975,4.6,17,1,1,0,3597.0
1602,99.0,4.3,152,0,0,1,11880.0
1603,99.0,4.2,116,0,0,1,11880.0
1604,103.55000000000001,4.7,52,0,0,1,12426.000000000002
1605,349.0,4.3,3,0,0,1,349.0
1606,12.0,4.6,10,1,1,1,1440.0
1607,31.610000000000003,4.5,2,1,0,1,3793.2000000000003
1608,24.95,0.0,0,0,0,0,2994.0
1609,7.0,5.0,2,1,1,1,840.0
1610,5.0,5.0,1,0,1,1,600.0
1611,272.5,4.7,3,0,1,1,32700.0
1612,1.35,0.0,0,0,1,1,162.0
1613,30.0,4.4,8,1,1,1,3600.0
1614,9.99,4.0,2,1,1,1,1198.8
1615,5.0,0.0,0,1,0,0,50.0
1616,25.0,0.0,0,0,0,1,3000.0
1617,390.0,0.0,0,0,0,1,390.0
1618,89.0,0.0,0,0,0,1,10680.0
1619,90.0,4.5,226,0,0,0,10800.0
1620,20.71,5.0,2,1,0,0,2485.2000000000003
1621,1.0,0.0,0,0,1,0,120.0
1622,849.0,0.0,0,0,0,0,849.0
1623,6000.0,0.0,0,1,0,1,6000.0
1624,20.0,2.8,5,1,0,1,2400.0
1625,695.0,5.0,1,0,1,1,695.0
1626,1.5,4.8,12,1,0,1,180.0
1627,5000.0,4.9,9,0,0,0,600000.0
1628,30.0,4.9,15,0,0,0,3600.0
1629,24.0,0.0,0,0,0,1,2880.0
1630,13.5,4.4,286,1,0,1,13.5
1631,12.0,4.5,22,1,1,1,1440.0
1632,39.0,0.0,0,1,0,1,39.0
1633,0.2,4.9,11,1,1,1,24.0
1634,5.45,0.0,0,0,0,0,654.0
1635,25.0,0.0,0,0,1,1,3000.0
1636,53.410000000000004,4.8,18,0,0,1,6409.200000000001
1637,10.0,4.0,2,0,0,1,1200.0
1638,24.0,4.6,478,1,1,1,2880.0
1639,499.0,4.8,6,0,0,0,59880.0
1640,1800.0,0.0,0,1,0,0,1800.0
1641,39.0,5.0,1,0,1,1,4680.0
1642,1800.0,4.5,2,0,0,1,18000.0
1643,99.0,4.6,79,0,0,0,990.0
1644,40.0,5.0,20,1,1,1,4800.0
1645,29.0,4.8,4,1,1,1,3480.0
1646,1.0,0.0,0,1,1,1,120.0
1647,6.0,0.0,0,0,0,0,720.0
1648,10.0,4.4,127,0,0,1,1200.0
1649,1550.0,0.0,0,0,0,0,15500.0
1650,10.9,4.2,9,0,1,1,1308.0
1651,27.0,0.0,0,0,0,1,3240.0
1652,15.0,0.0,0,0,1,1,1800.0
1653,37.0,5.0,1,1,0,0,37.0
1654,5.0,5.0,4,0,1,0,600.0
1655,45.0,0.0,0,1,1,1,5400.0
1656,70.0,5.0,3,1,0,0,8400.0
1657,5.0,4.0,2,0,0,1,600.0
1658,0.01,0.0,0,1,0,0,0.01
1659,17.429100000000002,4.7,44,1,0,1,2091.492
1660,49.0,4.4,11,1,0,1,5880.0
1661,58.0,4.7,12,0,1,1,6960.0
1662,4.0,4.7,17,1,1,0,480.0
1663,29.0,0.0,0,1,1,1,3480.0
1664,99.0,4.7,3,0,0,1,99.0
1665,12.0,0.0,0,0,1,1,1440.0
1666,10.0,4.7,138,0,1,1,1200.0
1667,21.0,0.0,0,0,0,1,2520.0
1668,29.0,5.0,1,0,0,1,3480.0
1669,295.0,4.3,3,0,1,1,295.0
1670,99.0,4.6,83,0,1,1,11880.0
1671,3200.0,0.0,0,0,0,0,32000.0
1672,49.0,5.0,1,0,0,1,5880.0
1673,69.0,4.6,181,1,0,1,8280.0
1674,12.0,0.0,0,0,0,0,1440.0
1675,29.99,4.8,6,0,1,1,3598.7999999999997
1676,50.0,5.0,1,1,0,0,6000.0
1677,29.0,0.0,0,0,0,0,3480.0
1678,1.9,0.0,0,0,0,0,228.0
1679,3.99,4.0,12,0,1,1,478.8
1680,300.0,4.0,6,0,0,0,36000.0
1681,155.0,4.6,11,1,0,1,18600.0
1682,10.0,4.4,1761,1,0,1,1200.0
1683,1.99,0.0,0,0,0,1,238.8
1684,8.5,0.0,0,0,1,1,1020.0
1685,5.0,5.0,1,0,0,1,600.0
1686,299.0,3.0,4,1,0,0,35880.0
1687,250.0,4.8,33,0,0,1,30000.0
1688,21000.0,4.0,1,1,0,1,21000.0
1689,212.55,4.4,7,0,0,1,25506.0
1690,5.0,5.0,1,1,0,1,50.0
1691,99.0,5.0,1,1,0,1,11880.0
1692,35.0,4.0,1,0,0,1,4200.0
1693,12.99,0.0,0,0,1,1,129.9
1694,39.99,5.0,2,1,0,1,4798.8
1695,360.0,4.8,17,0,0,1,43200.0
1696,9.99,5.0,1,0,1,1,1198.8
1697,12.99,0.0,0,1,1,0,1558.8
1698,299.0,4.8,12,0,1,1,299.0
1699,20000.0,0.0,0,1,0,1,20000.0
1700,4.36,4.7,18,1,0,1,523.2
1701,15.0,0.0,0,0,0,0,1800.0
1702,19.0,4.3,147,1,0,1,2280.0
1703,35.0,4.8,4,0,0,1,4200.0
1704,299.0,0.0,0,0,1,1,35880.0
1705,299.0,0.0,0,1,0,0,35880.0
1706,12.0,5.0,1,0,1,1,1440.0
1707,9.0,4.6,54,1,1,1,1080.0
1708,5.0,0.0,0,1,0,0,600.0
1709,1.5,4.3,14,1,0,1,180.0
1710,8.72,4.3,67,1,1,1,1046.4
1711,195.0,0.0,0,1,0,1,23400.0
1712,29.0,5.0,1,0,1,1,3480.0
1713,19.0,0.0,0,1,1,1,2280.0
1714,9.81,5.0,13,1,1,1,1177.2
1715,30.0,0.0,0,0,0,1,3600.0
1716,17.0,4.8,30,1,0,1,2040.0
1717,99.0,4.6,30,0,0,1,11880.0
1718,1499.0,4.5,2,0,0,0,14990.0
1719,9.0,4.1,36,0,0,1,1080.0
1720,175.0,0.0,0,0,0,1,21000.0
1721,31.0,4.7,608,0,1,0,3720.0
1722,149.0,0.0,0,0,0,1,17880.0
1723,20.0,3.9,8,0,0,1,2400.0
1724,271.41,4.7,24,0,0,0,2714.1000000000004
1725,8.72,4.5,8,0,1,1,1046.4
1726,38.150000000000006,5.0,2,1,0,0,4578.000000000001
1727,207.10000000000002,0.0,0,0,0,1,24852.000000000004
1728,59.99,0.0,0,1,0,1,59.99
1729,21.8,0.0,0,1,0,1,2616.0
1730,15.0,0.0,0,0,0,0,1800.0
1731,1.5,4.6,122,1,0,1,180.0
1732,14.99,4.3,24,1,0,1,1798.8
1733,10.0,5.0,5,0,0,1,1200.0
1734,5.0,4.1,72,0,0,1,600.0
1735,3.0,4.1,110,0,1,1,360.0
1736,35.0,4.4,189,1,0,1,4200.0
1737,30.0,4.0,77,1,0,1,3600.0
1738,19.99,3.0,1,1,0,1,2398.7999999999997
1739,199.0,4.4,45,0,0,1,23880.0
1740,45.0,5.0,6,0,0,1,5400.0
1741,19.0,4.4,19,0,0,1,2280.0
1742,20.0,0.0,0,0,0,1,2400.0
1743,4.0,4.7,42,1,1,1,480.0
1744,14.0,4.0,84,0,0,1,1680.0
1745,20.0,4.0,1,0,1,1,2400.0
1746,15.0,4.7,10,0,0,1,1800.0
1747,10.9,0.0,0,0,0,1,1308.0
1748,5.0,4.5,43,0,0,1,600.0
1749,2500.0,0.0,0,0,0,0,300000.0
1750,4.5,5.0,1,0,0,1,540.0
1751,30.0,0.0,0,1,0,1,3600.0
1752,29.93,0.0,0,0,0,0,3591.6
1753,39.0,4.7,20,0,0,1,4680.0
1754,64.0,0.0,0,0,1,1,7680.0
1755,499.0,4.3,25,0,0,0,59880.0
1756,399.0,4.5,22,0,0,1,3990.0
1757,9.0,5.0,2,0,1,1,1080.0
1758,49.0,4.8,29,0,0,1,5880.0
1759,29.0,0.0,0,0,1,1,290.0
1760,39.95,4.3,3,1,0,1,4794.0
1761,25.0,0.0,0,1,0,0,3000.0
1762,45.0,4.7,38,0,1,1,5400.0
1763,295.0,5.0,1,1,0,0,2950.0
1764,7.0,4.6,40,0,1,1,840.0
1765,18.0,0.0,0,0,0,0,2160.0
1766,199.0,0.0,0,1,1,1,23880.0
1767,6.0,0.0,0,1,1,0,720.0
1768,10.0,4.7,7,0,1,1,1200.0
1769,49.0,4.8,13,0,1,1,5880.0
1770,995.0,4.1,72,0,0,1,995.0
1771,10.9,4.7,3,1,1,1,1308.0
1772,14.0,4.7,37,1,1,1,1680.0
1773,10.0,0.0,0,1,0,1,1200.0
1774,29.0,4.7,136,1,0,1,3480.0
1775,14.0,4.3,9,1,1,1,1680.0
1776,8.0,0.0,0,1,1,1,960.0
1777,22.0,5.0,1,1,0,1,2640.0
1778,240.0,3.0,1,0,0,0,240.0
1779,26.2,4.9,17,1,1,1,3144.0
1780,24.95,0.0,0,0,1,0,2994.0
1781,25.0,4.5,142,1,0,1,3000.0
1782,50.0,0.0,0,1,0,1,6000.0
1783,1.09,5.0,2,1,1,1,130.8
1784,199.0,5.0,4,0,1,1,23880.0
1785,9.99,5.0,1,0,1,0,1198.8
1786,1.0,0.0,0,0,1,1,120.0
1787,16.35,0.0,0,1,1,1,1962.0000000000002
1788,4.99,0.0,0,0,1,1,598.8000000000001
1789,29.99,0.0,0,0,0,1,3598.7999999999997
1790,22.0,4.2,125,1,0,0,2640.0
1791,300.0,0.0,0,1,0,1,36000.0
1792,300.0,0.0,0,1,0,0,36000.0
1793,50.0,4.5,427,0,1,1,6000.0
1794,11.99,4.1,7,1,0,1,1438.8
1795,65.0,0.0,0,1,0,0,7800.0
1796,17.0,4.6,73,1,0,1,2040.0
1797,19.0,0.0,0,0,0,1,2280.0
1798,6.0,0.0,0,1,0,1,720.0
1799,69.0,4.9,32,0,0,1,8280.0
1800,55.0,4.6,39,1,0,1,6600.0
1801,8.0,4.9,2728,1,0,0,960.0
1802,400.0,5.0,1,0,0,1,48000.0
1803,99.0,4.6,68,0,1,1,990.0
1804,99.0,5.0,2,0,1,1,11880.0
1805,10.0,5.0,1,1,1,1,1200.0
1806,15.0,0.0,0,0,0,1,1800.0
1807,49.0,4.8,4,0,1,1,49.0
1808,999.0,0.0,0,0,0,0,999.0
1809,6.84,0.0,0,0,0,1,820.8
1810,1.5,4.7,67,0,1,1,180.0
1811,14.0,3.0,1,0,0,1,1680.0
1812,25.0,5.0,1,0,1,1,3000.0
1813,15.0,0.0,0,0,0,0,1800.0
1814,6500.0,0.0,0,0,0,0,65000.0
1815,599.5,4.8,10,1,0,1,71940.0
1816,359.88,0.0,0,0,0,1,3598.8
1817,15.0,4.6,20,1,0,1,1800.0
1818,2.18,4.9,7,0,1,1,261.6
1819,29.99,0.0,0,1,0,1,3598.7999999999997
1820,479.0,0.0,0,0,1,1,57480.0
1821,30.0,4.3,34,1,0,1,3600.0
1822,49.0,3.9,15,1,0,1,5880.0
1823,7.0,0.0,0,0,0,1,840.0
1824,65.0,4.8,10,0,0,1,7800.0
1825,10.791,4.8,12,0,0,1,1294.92
1826,29.0,4.6,367,0,0,1,3480.0
1827,49.0,4.8,5,0,1,1,5880.0
1828,69.0,0.0,0,1,0,1,8280.0
1829,500.0,4.8,6,1,0,0,60000.0
1830,5000.0,0.0,0,0,0,1,5000.0
1831,36.0,4.1,7,0,0,1,4320.0
1832,54.50000000000001,4.4,40,0,0,1,6540.000000000001
1833,30.0,3.5,2,0,0,1,300.0
1834,5.99,0.0,0,1,0,1,718.8000000000001
1835,43.5,4.1,96,1,0,1,5220.0
1836,25.0,0.0,0,0,0,1,3000.0
1837,9.0,0.0,0,0,0,0,1080.0
1838,25.0,0.0,0,1,1,1,3000.0
1839,80.0,5.0,4,0,1,1,9600.0
1840,79.0,0.0,0,1,0,1,9480.0
1841,4.5,4.6,688,1,1,1,540.0
1842,7.0,0.0,0,1,0,1,840.0
1843,7.0,4.5,509,0,0,1,840.0
1844,35.0,4.8,117,1,0,1,4200.0
1845,399.0,5.0,1,0,0,0,47880.0
1846,22.89,0.0,0,1,0,1,2746.8
1847,2.99,0.0,0,1,1,1,358.8
1848,5.0,0.0,0,0,1,1,600.0
1849,9.0,4.7,111,1,0,1,1080.0
1850,10.0,4.7,3,0,1,0,1200.0
1851,5.45,0.0,0,1,1,1,654.0
1852,25.0,0.0,0,0,0,0,3000.0
1853,150.0,4.7,9,0,0,1,18000.0
1854,25.0,5.0,1,1,1,0,3000.0
1855,55.0,4.5,49,1,0,1,6600.0
1856,34.0,4.0,20,1,1,1,4080.0
1857,4.99,0.0,0,0,1,1,598.8000000000001
1858,6.540000000000001,5.0,10,1,1,1,784.8000000000001
1859,7.0,4.2,9,0,1,0,7.0
1860,9.0,4.8,40,0,0,1,1080.0
1861,45.0,0.0,0,0,1,1,5400.0
1862,8.0,4.8,22,1,0,1,960.0
1863,1950.0,0.0,0,1,0,0,19500.0
1864,10.0,0.0,0,0,0,0,1200.0
1865,10.0,4.7,11,1,0,1,1200.0
1866,24.0,4.2,99,0,1,1,2880.0
1867,6.0,4.8,12,0,0,1,720.0
1868,1079.1000000000001,0.0,0,0,0,1,10791.000000000002
1869,4000.0,4.7,24,1,0,0,40000.0
1870,21.0,0.0,0,0,1,1,2520.0
1871,850.0,4.9,9,0,0,1,102000.0
1872,147.0,0.0,0,0,0,1,17640.0
1873,100.0,4.9,7,1,0,0,12000.0
1874,19.0,0.0,0,1,0,1,2280.0
1875,5.0,0.0,0,0,0,1,600.0
1876,9.99,4.5,2,0,1,1,1198.8
1877,20.71,4.9,9,1,0,1,2485.2000000000003
1878,129.0,4.1,1221,0,0,1,15480.0
1879,3.85,0.0,0,0,0,0,462.0
1880,27.250000000000004,4.3,14,1,0,0,3270.0000000000005
1881,39.0,4.3,20,1,0,1,4680.0
1882,16399.0,5.0,1,1,0,1,163990.0
1883,60.0,4.7,105,0,1,1,7200.0
1884,5.0,4.7,76,1,0,0,600.0
1885,559.0,0.0,0,0,0,0,559.0
1886,190.0,0.0,0,0,0,1,22800.0
1887,19.0,3.5,15,0,1,1,2280.0
1888,16.0,4.4,75,0,0,1,1920.0
1889,25.0,0.0,0,1,0,1,3000.0
1890,6.0,5.0,2,1,1,1,720.0
1891,499.0,0.0,0,0,0,1,499.0
1892,299.0,0.0,0,1,0,0,35880.0
1893,10.0,0.0,0,1,0,1,1200.0
1894,20.0,0.0,0,0,0,1,2400.0
1895,20.0,5.0,2,0,0,1,2400.0
1896,39.0,0.0,0,1,1,1,4680.0
1897,10.0,5.0,1,1,0,1,1200.0
1898,10.0,5.0,1,0,0,1,1200.0
1899,13.0,5.0,3,0,1,1,1560.0
1900,40.0,0.0,0,0,0,0,4800.0
1901,49.0,4.0,2,0,0,0,5880.0
1902,14.99,3.0,2,0,1,1,1798.8
1903,16.35,0.0,0,1,0,1,1962.0000000000002
1904,3.2700000000000005,0.0,0,1,0,0,392.40000000000003
1905,20.0,4.7,29,1,0,1,2400.0
1906,79.0,4.3,27,0,0,1,9480.0
1907,74.0,4.5,972,0,0,1,8880.0
1908,0.01,4.2,4,1,0,1,0.1
1909,15000.0,3.0,1,1,0,0,15000.0
1910,10.0,5.0,1,1,0,1,1200.0
1911,2.0,0.0,0,0,0,1,240.0
1912,0.5,4.4,10,1,0,1,60.0
1913,1000.0,0.0,0,0,0,1,10000.0
1914,10.0,5.0,3,0,1,1,1200.0
1915,29.0,4.7,3,1,0,1,3480.0
1916,9.95,4.8,61,1,0,1,1194.0
1917,1995.0,5.0,2,0,0,0,19950.0
1918,23.98,4.6,16,1,0,1,2877.6
1919,24.0,4.4,94,1,1,1,2880.0
1920,1.0,5.0,1,0,0,1,120.0
1921,5.0,0.0,0,0,1,0,600.0
1922,149.0,4.8,15,1,0,0,17880.0
1923,79.0,0.0,0,0,0,0,9480.0
1924,10.0,5.0,3,0,1,1,1200.0
1925,7.49,0.0,0,1,1,0,898.8000000000001
1926,149.0,4.6,595,0,0,1,17880.0
1927,6.0,5.0,1,0,0,0,720.0
1928,15.0,4.7,6,1,0,1,1800.0
1929,2.99,0.0,0,1,1,1,358.8
1930,16.35,5.0,1,1,0,0,1962.0000000000002
1931,250.0,4.7,21,1,1,1,30000.0
1932,2.0,0.0,0,1,0,1,240.0
1933,32.0,4.4,534,0,0,1,3840.0
1934,2.18,4.6,7,1,0,1,261.6
1935,15.0,0.0,0,0,0,1,1800.0
1936,29.0,4.8,52,1,0,1,3480.0
1937,8.55,4.0,2,1,0,1,1026.0
1938,135.0,0.0,0,1,1,1,16200.0
1939,5.0,5.0,6,1,0,1,600.0
1940,4.99,5.0,1,0,1,1,598.8000000000001
1941,49.0,5.0,1,0,0,1,5880.0
1942,499.0,0.0,0,1,0,0,59880.0
1943,30.0,4.5,51,0,0,0,3600.0
1944,29.0,0.0,0,1,1,1,3480.0
1945,14.95,5.0,1,1,1,1,1794.0
1946,160.0,4.9,32,1,0,1,19200.0
1947,5500.0,4.7,35,0,0,1,5500.0
1948,48.0,4.2,9,0,0,1,5760.0
1949,5.0,5.0,3,1,1,1,600.0
1950,12.5,4.7,17,1,0,1,1500.0
1951,99.0,5.0,4,1,0,1,11880.0
1952,35.0,5.0,2,1,0,1,4200.0
1953,20.0,4.4,20,0,0,1,2400.0
1954,5.0,5.0,1,1,1,1,600.0
1955,75.0,0.0,0,0,0,1,9000.0
1956,79.0,4.4,7,0,0,1,9480.0
1957,2689.0,0.0,0,0,0,0,2689.0
1958,200.0,4.5,4,1,0,1,200.0
1959,40.0,4.5,95,1,1,1,4800.0
1960,24.0,4.5,2,0,0,1,2880.0
1961,335.0,3.7,11,0,0,1,40200.0
1962,402.21000000000004,0.0,0,0,0,1,48265.200000000004
1963,199.0,4.6,5,1,0,0,199.0
1964,10.0,5.0,2,0,1,0,1200.0
1965,20.0,0.0,0,1,1,1,2400.0
1966,534.1,5.0,5,0,0,1,64092.0
1967,7.0,4.6,120,0,1,1,840.0
1968,10.0,5.0,9,1,1,1,1200.0
1969,3.0,0.0,0,1,0,1,360.0
1970,75.0,4.3,188,0,0,1,9000.0
1971,22.89,5.0,1,1,0,1,2746.8
1972,100.0,0.0,0,1,0,0,12000.0
1973,19.0,4.2,35,1,0,1,2280.0
1974,295.0,4.0,15,1,0,1,295.0
1975,2.5,5.0,2,1,0,1,300.0
1976,8.0,4.9,7,0,0,1,960.0
1977,15.0,4.8,145,1,1,1,1800.0
1978,9.0,4.0,1,1,0,1,1080.0
1979,2.99,4.0,1,1,0,1,358.8
1980,11.5,4.7,12,1,0,0,1380.0
1981,24.0,0.0,0,1,1,1,2880.0
1982,200.0,0.0,0,1,0,1,24000.0
1983,499.0,5.0,4,0,1,1,59880.0
1984,10.0,4.5,4,0,0,1,1200.0
1985,29.0,4.6,37,1,0,1,3480.0
1986,5.0,4.5,326,1,0,1,600.0
1987,7.0,0.0,0,0,0,1,840.0
1988,9.0,0.0,0,0,0,0,1080.0
1989,15.0,4.6,35,1,1,1,1800.0
1990,5.0,0.0,0,0,1,1,600.0
1991,14.95,5.0,1,0,0,0,1794.0
1992,53.410000000000004,4.8,12,1,0,1,6409.200000000001
1993,54.50000000000001,4.1,36,0,0,1,6540.000000000001
1994,4.0,5.0,31,1,0,1,480.0
1995,15.0,4.6,2244,0,0,1,1800.0
1996,80.0,4.4,66,1,0,1,9600.0
1997,19.0,5.0,1,1,1,1,2280.0
1998,5.0,4.6,49,1,0,1,600.0
1999,59.4,0.0,0,0,0,1,594.0
2000,15.260000000000002,4.9,14,1,0,1,1831.2000000000003
2001,43.6,0.0,0,0,0,0,5232.0
2002,1.5,4.7,23,1,1,1,180.0
2003,50.0,4.4,140,0,1,1,6000.0
2004,25.0,5.0,1,0,0,0,3000.0
2005,500.0,0.0,0,0,0,1,500.0
2006,69.0,4.5,10,0,1,0,8280.0
2007,23.0,5.0,1,0,1,1,2760.0
2008,40.0,0.0,0,1,0,0,4800.0
2009,22.33,0.0,0,0,1,1,2679.6
2010,21.7891,0.0,0,0,1,0,2614.692
2011,5.99,4.8,9,1,1,1,718.8000000000001
2012,140.61,0.0,0,0,0,1,16873.2
2013,9.5,4.7,13,0,1,1,1140.0
2014,299.0,4.2,13,0,1,1,35880.0
2015,8.25,5.0,2,0,0,1,990.0
2016,53.410000000000004,4.0,1,1,0,0,6409.200000000001
2017,0.58,0.0,0,1,0,0,69.6
2018,50.0,5.0,3,1,0,0,6000.0
2019,295.0,0.0,0,0,1,0,295.0
2020,0.66,5.0,3,0,1,1,79.2
2021,250.0,5.0,2,1,0,1,30000.0
2022,50.0,4.8,8,1,0,1,6000.0
2023,25.0,0.0,0,0,0,1,3000.0
2024,5.0,0.0,0,1,1,1,600.0
2025,5.0,5.0,1,1,0,1,600.0
2026,45.14,0.0,0,1,1,1,5416.8
2027,0.99,5.0,1,1,0,1,118.8
2028,16.35,5.0,3,1,0,0,1962.0000000000002
2029,59.0,4.7,105,1,0,0,7080.0
2030,149.0,0.0,0,1,0,1,17880.0
2031,50.0,4.7,3,0,0,1,6000.0
2032,500.0,4.5,2,0,0,1,60000.0
2033,1.0,5.0,1,0,1,1,120.0
2034,20.0,4.7,34,1,0,1,2400.0
2035,169.0,0.0,0,0,0,1,20280.0
2036,109.00000000000001,4.2,4,1,0,1,13080.000000000002
2037,380.41,5.0,2,0,0,0,45649.200000000004
2038,8.611,4.4,16,1,0,1,1033.3200000000002
2039,14.0,0.0,0,0,0,0,14.0
2040,17.0,5.0,1,0,0,1,2040.0
2041,23.0,4.8,88,1,0,1,2760.0
2042,3000.0,5.0,1,1,0,1,3000.0
2043,7.0,0.0,0,0,0,1,840.0
2044,250.0,4.9,11,0,0,0,30000.0
2045,39.95,4.1,7,0,0,1,4794.0
2046,23.75,0.0,0,1,1,1,2850.0
2047,2180.0,4.3,14,1,0,0,2180.0
2048,995.0,0.0,0,1,0,0,995.0
2049,65.4,4.4,35,1,0,1,7848.000000000001
2050,25.0,0.0,0,0,0,0,3000.0
2051,53.410000000000004,5.0,4,1,0,1,6409.200000000001
2052,1.0,0.0,0,1,1,1,120.0
2053,249.0,0.0,0,1,0,0,2490.0
2054,56.31,0.0,0,1,1,0,6757.200000000001
2055,14.9,0.0,0,1,1,1,1788.0
2056,15.0,0.0,0,0,1,1,1800.0
2057,16.0,0.0,0,0,0,1,1920.0
2058,297.0,0.0,0,0,0,1,35640.0
2059,1308.0,4.0,1,0,0,1,13080.0
2060,2.0,4.5,2,1,0,1,20.0
2061,1.5,4.5,4,1,0,1,180.0
2062,29.0,4.7,9,0,1,1,3480.0
2063,525.0,5.0,1,1,1,1,525.0
2064,399.0,4.8,37,0,0,1,47880.0
2065,3.0,4.7,11,0,1,1,360.0
2066,4.75,4.5,2,1,1,1,570.0
2067,100.28,0.0,0,1,1,1,1002.8
2068,9.0,4.4,8,0,1,1,1080.0
2069,9.99,0.0,0,1,1,1,1198.8
2070,50.0,4.5,5622,0,1,1,6000.0
2071,279.0,0.0,0,0,0,0,33480.0
2072,26.86,4.5,8,1,1,1,3223.2
2073,40.0,4.4,21,1,0,1,4800.0
2074,9.99,5.0,1,1,0,0,1198.8
2075,45.83,4.5,13,0,1,1,5499.599999999999
2076,29.0,4.7,3,1,1,1,3480.0
2077,10.0,4.5,37,1,1,1,100.0
2078,5.0,5.0,1,0,1,1,600.0
2079,12.5,4.6,11,1,0,1,1500.0
2080,50.0,5.0,2,0,0,1,6000.0
2081,2.1691000000000003,0.0,0,1,0,1,260.29200000000003
2082,18.0,0.0,0,0,0,1,2160.0
2083,20.0,5.0,31,1,1,1,2400.0
2084,29.0,0.0,0,1,0,1,3480.0
2085,100.0,0.0,0,0,0,0,12000.0
2086,1999.0,4.0,1,1,0,0,239880.0
2087,4.0,4.6,18,0,0,0,480.0
2088,109.00000000000001,0.0,0,1,0,1,13080.000000000002
2089,25.0,4.2,17,1,0,1,3000.0
2090,11.0,4.5,2,0,0,1,1320.0
2091,30.0,4.1,95,0,0,1,3600.0
2092,21.8,4.6,23,0,0,1,2616.0
2093,11.0,4.0,2,1,1,1,1320.0
2094,64.0,4.5,17,1,0,0,7680.0
2095,20.0,4.2,6,1,1,1,200.0
2096,8.0,5.0,2,0,0,1,960.0
2097,107.91000000000001,4.6,15,0,0,1,12949.2
2098,49.050000000000004,4.7,11,1,1,1,5886.000000000001
2099,350.0,4.0,4,1,0,1,42000.0
2100,50.0,5.0,1,0,0,1,6000.0
2101,39.0,5.0,1,0,0,1,4680.0
2102,29.0,4.9,16,0,1,1,3480.0
2103,39.0,4.8,51,0,1,1,4680.0
2104,18.0,0.0,0,1,0,1,2160.0
2105,188.8,4.8,16,0,0,1,1888.0
2106,6.0,4.8,6,1,1,1,720.0
2107,1.99,4.8,10,1,1,0,1.99
2108,25.0,4.6,32,1,0,1,3000.0
2109,10.0,4.3,50,0,1,0,1200.0
2110,1.92,0.0,0,0,0,1,230.39999999999998
2111,6.25,4.7,10,1,1,1,750.0
2112,16.0,4.5,2,1,1,1,1920.0
2113,199.0,5.0,5,0,1,1,23880.0
2114,59.0,4.7,161,1,0,1,7080.0
2115,18.0,2.5,2,0,1,1,2160.0
2116,100.0,0.0,0,0,0,0,12000.0
2117,1200.0,0.0,0,1,0,0,144000.0
2118,19.0,4.4,13,0,1,1,2280.0
2119,450.0,4.9,7,0,0,1,54000.0
2120,295.0,4.7,54,0,0,1,2950.0
2121,107.91000000000001,0.0,0,0,0,1,107.91000000000001
2122,9.9,0.0,0,0,0,1,1188.0
2123,1.0,0.0,0,1,1,1,120.0
2124,9.81,0.0,0,1,0,1,1177.2
2125,199.99,5.0,1,1,0,0,23998.800000000003
2126,800.0,4.9,56,0,0,0,96000.0
2127,29.0,4.7,19,0,1,1,3480.0
2128,21.8,4.2,100,1,0,1,2616.0
2129,24.0,4.8,17,0,1,1,2880.0
2130,5.45,4.8,4,1,1,1,654.0
2131,70.85000000000001,0.0,0,1,0,1,8502.000000000002
2132,8.175,4.5,2,1,1,1,981.0000000000001
2133,1.0,0.0,0,0,0,1,120.0
2134,6.0,0.0,0,0,0,1,720.0
2135,24.0,4.8,5,0,0,1,2880.0
2136,1200.0,0.0,0,0,1,1,1200.0
2137,89.0,5.0,1,1,0,1,10680.0
2138,8.25,4.9,11,1,0,1,990.0
2139,1000.0,0.0,0,0,0,1,10000.0
2140,97.0,0.0,0,0,0,1,97.0
2141,2.18,4.5,4,1,0,1,261.6
2142,514.0,0.0,0,0,0,1,61680.0
2143,7.630000000000001,4.5,13,1,0,1,915.6000000000001
2144,39.0,4.4,32,1,0,1,390.0
2145,39.0,4.2,6,0,0,1,4680.0
2146,4.2,5.0,2,0,1,1,504.0
2147,199.0,4.6,36,1,0,1,23880.0
2148,69.0,4.4,16,1,0,1,8280.0
2149,40.0,4.7,233,1,1,1,4800.0
2150,25.71,5.0,1,0,0,0,3085.2000000000003
2151,76.30000000000001,4.7,33,0,0,1,9156.000000000002
2152,16.35,0.0,0,0,1,1,1962.0000000000002
2153,4.99,0.0,0,0,0,1,598.8000000000001
2154,15.0,0.0,0,0,1,1,1800.0
2155,97.0,0.0,0,0,0,0,11640.0
2156,189.95,3.0,1,0,0,1,189.95
2157,26.0,0.0,0,0,0,1,3120.0
2158,39.0,0.0,0,0,0,0,4680.0
2159,45.0,4.5,64,1,0,1,5400.0
2160,19.0,4.9,29,0,1,1,2280.0
2161,27.250000000000004,0.0,0,1,1,1,3270.0000000000005
2162,9.0,0.0,0,0,0,1,1080.0
2163,17.5,4.7,70,1,0,0,2100.0
2164,270.0,5.0,2,0,0,0,32400.0
2165,14.0,0.0,0,0,0,1,1680.0
2166,25.07,0.0,0,1,1,0,3008.4
2167,100.0,4.6,13,1,0,1,12000.0
2168,75.0,0.0,0,0,0,1,9000.0
2169,20.71,4.5,14,1,1,1,2485.2000000000003
2170,16.241000000000003,4.2,36,1,1,1,1948.9200000000003
2171,0.01,4.5,62,0,1,1,1.2
2172,3.2700000000000005,4.4,8,1,0,1,392.40000000000003
2173,17.985000000000003,5.0,3,1,0,1,2158.2000000000003
2174,7.99,4.8,443,1,0,1,958.8000000000001
2175,3.0,0.0,0,0,1,1,360.0
2176,1.0,4.4,14,1,0,1,120.0
2177,200.0,4.0,2,1,0,0,24000.0
2178,2.4,5.0,1,1,1,0,288.0
2179,70.8,4.6,20,0,0,1,8496.0
2180,35.0,5.0,2,1,1,1,4200.0
2181,8.0,0.0,0,1,1,1,960.0
2182,6.5,5.0,1,0,1,1,780.0
2183,19.0,0.0,0,1,0,1,2280.0
2184,24.0,4.7,25,1,0,1,2880.0
2185,100.0,5.0,1,0,0,1,12000.0
2186,17.72,0.0,0,0,0,1,2126.3999999999996
2187,10.889100000000001,4.6,15,0,0,1,1306.692
2188,11.99,4.3,21,1,1,1,1438.8
2189,4251.0,4.8,4,0,0,0,42510.0
2190,1.33,0.0,0,0,0,1,159.60000000000002
2191,1000.0,0.0,0,0,0,1,120000.0
2192,39.0,4.8,8,1,0,1,4680.0
2193,79.0,1.8,5,1,0,1,79.0
2194,89.0,5.0,2,0,1,1,10680.0
2195,45.0,3.0,1,1,0,0,5400.0
2196,89.0,0.0,0,0,1,1,10680.0
2197,19.0,0.0,0,1,0,1,2280.0
2198,169.0,4.3,815,1,0,1,20280.0
2199,5.0,0.0,0,1,1,1,600.0
2200,569.0,3.8,16,1,0,0,68280.0
2201,5.0,4.8,88,1,0,1,600.0
2202,49.0,4.5,28,0,1,1,5880.0
2203,19.0,4.4,11,0,0,1,2280.0
2204,26.0,0.0,0,0,0,1,3120.0
2205,53.410000000000004,4.8,12,0,0,1,6409.200000000001
2206,3749.97,0.0,0,0,0,0,3749.97
2207,10.0,5.0,1,0,0,1,1200.0
2208,27.141000000000002,4.2,8,1,0,1,3256.92
2209,20.0,0.0,0,0,1,1,20.0
2210,10.0,3.7,3,0,1,1,100.0
2211,99.0,0.0,0,1,0,1,11880.0
2212,12.49,5.0,1,0,1,1,1498.8
2213,3.0,4.4,5,0,1,1,360.0
2214,40.0,4.5,45,1,0,0,4800.0
2215,16.35,3.7,27,0,1,1,1962.0000000000002
2216,12.0,4.1,13,0,0,1,1440.0
2217,4.578,0.0,0,1,0,0,549.36
